ta_id,poa,poi,registration_time,ib_id,region,initial_deposit,swap_free_status,pnl,nb_of_trades,volume,most_traded_symbol
505001,Yes,Yes,2024.10.01 15:11,40405,Europe,860,Yes,-5414,355,54.14,ETHUSD
505002,Yes,Yes,10/10/2024,40402,APAC,184,No,-7171,1501,71.71,XAUUSD
505003,Yes,Yes,10/10/2024,40403,LATIM,4510,No,4356,2193,43.56,BtcUsd
505004,Yes,Yes,10/10/2024,40401,MENA,1900,Yes,-5254,2118,52.54,USOIL
505005,Yes,Yes,10/10/2024,40403,Europe,1586,Yes,1358,157,13.58,XAUUSD
505006,Yes,Yes,10/10/2024,40405,APAC,2108,Yes,-5058,391,50.58,XAUUSD
505007,Yes,Yes,10/10/2024,40403,MENA,3127,Yes,-3305,2132,33.05,USOIL
505008,Yes,Yes,10/10/2024,40403,Europe,4992,Yes,-5295,3424,52.95,XAUUSD
505009,Yes,Yes,10/10/2024,40405,APAC,579,Yes,-4686,978,46.86,BTCUSD
505010,Yes,Yes,10/10/2024,40403,APAC,4432,Yes,-1990,"2,110",19.9,ETHUSD
505011,Yes,Yes,10/10/2024,40405,LATIM,4779,No,-4633,221,46.33,BTCUSD
505012,Yes,Yes,10/10/2024,40401,MENA,947,Yes,-3240,3058,32.4,USOIL
505013,Yes,Yes,10/10/2024,40403,Europe,4093,No,-1368,162,13.68,ETHUSD
505014,Yes,Yes,10/10/2024,40403,APAC,4152,No,-7621,3733,76.21,XAUUSD
505015,Yes,Yes,10/10/2024,40404,APAC,4016,Yes,-7730,3267,77.3,ETHUSD
505016,Yes,Yes,,40402,Europe,3907,Yes,-7861,1888,78.61,ETHUSD
505017,Yes,Yes,2025.06.06 21:27,40405,MENA,477,Yes,-3541,3672,35.41,XAUUSD
505018,Yes,Yes,,40404,MENA,3994,Yes,-350,1132,3.5,XAUUSD
505019,Yes,Yes,N/A,40402,LATIM,783,No,2631,3685,26.31,XAUUSD
505020,Yes,Yes,6/30/2025,40404,APAC,4414,Yes,-7123,3114,71.23,BTCUSD
505021,Yes,Yes,6/30/2025,40402,APAC,3063,Yes,-7117,2673,71.17,BtcUsd
505022,Yes,Yes,6/30/2025,40401,LATIM,4413,No,-7348,3731,73.48,ETHUSD
505023,Yes,Yes,6/30/2025,40405,LATIM,4231,Yes,-2380,1582,23.8,USOIL
505024,Yes,Yes,6/30/2025,40402,Europe,1563,Yes,-7911,2637,79.11,ETHUSD
505025,Yes,Yes,6/30/2025,40402,Europe,2067,Yes,-2689,800,26.89,USOIL
505026,Yes,Yes,6/30/2025,40403,APAC,1695,No,-4070,1770,40.7,BTCUSD
505027,Yes,Yes,6/30/2025,40403,MENA,4593,No,-1603,2458,43.312,XAUUSD
505028,Yes,Yes,6/30/2025,40403,MENA,4152,No,-663,1165,57.368,USOIL
505029,Yes,Yes,6/30/2025,40403,Europe,1492,Yes,-2797,3573,34.848,USOIL
505030,Yes,Yes,6/30/2025,40403,APAC,3611,No,-5928,3651,42.032,ETHUSD
505031,Yes,Yes,6/30/2025,40404Europe,,3137,No,5310,894,10.864,ETHUSD
505032,Yes,Yes,6/30/2025,40405,LATIM,241,No,-1401,3097,40.464,ETHUSD
505033,Yes,Yes,6/30/2025,40405,Europe,361,Yes,668,3559,26.44,BTCUSD
505034,Yes,Yes,,40401,APAC,185,Yes,2585,2715,42.36,ETHUSD
505035,Yes,Yes,2025.07.11 06:20,40404,Europe,3988,Yes,-4680,833,37.488,XAUUSD
505036,Yes,Yes,,40402,APAC,717,Yes,-1590,1494,15.92,USOIL
505037,Yes,Yes,N/A,40403,APAC,4024,Yes,-1677,3580,37.064,ETHUSD
505038,Yes,Yes,N/A,40405,Europe,1367,Yes,-4029,3118,25.92,ETHUSD
505039,Yes,Yes,,40405,MENA,2711,Yes,-548,2555,10.944,ETHUSD
505040,Yes,Yes,"15 July, 2025",40402,Europe,3922,Yes,-5604,3364,60.968,XAUUSD
505041,Yes,Yes,"15 July, 2025",40402,Europe,1876,No,-6478,613,61.84,USOIL
505042,Yes,Yes,"15 July, 2025",40404,Europe,2603,No,-3980,1872,62.888,XAUUSD
505043,Yes,Yes,"15 July, 2025",40405,Europe,3454,Yes,-2277,1796,28.328,ETHUSD
505044,Yes,Yes,"15 July, 2025",40402,MENA,3000,Yes,537,3646,2.8,ETHUSD
505045,Yes,Yes,"15 July, 2025",40404,APAC,4585,No,-6782,562,21.048,XAUUSD
505046,Yes,Yes,"15 July, 2025",40404,LATIM,4103,Yes,6108,3631,56.984,USOIL
505047,Yes,Yes,"15 July, 2025",40401,LATIM,2554,No,-1610,2915,56.936,ETHUSD
505048,Yes,Yes,"15 July, 2025",40405,APAC,1434,Yes,-1804,105,58.784,XAUUSD
505049,Yes,Yes,,40404,MENA,2258,Yes,-241,927,19.04,BtcUsd
505050,No,No,2025.08.07 15:01,40403,LATIM,596,N/A,0,0,0,
505050,Yes,Yes,2025.08.07 15:13,40403,LATIM,596,Yes,-858,3503,63.288,ETHUSD
505051,Yes,Yes,2025.08.09 16:22,40402,APAC,3775,Yes,-4717,3817,21.512,ETHUSD
505052,Yes,Yes,2025.08.12 05:15,40403,MENA,4031,Yes,2068,495,32.56,BTCUSD
505053,Yes,Yes,2025.08.15 11:29,40404,APAC,3069,No,-5203,2896,12.824,BTCUSD
505054,Yes,Yes,2025.08.19 17:11,40402,MENA,4817,Yes,-6720,1337,5.304,XAUUSD
505055,Yes,Yes,2025.08.20 11:27,40405,Europe,3115,Yes,5278,3697,22.376,BTCUSD
505056,Yes,Yes,2025.08.24 21:40,40405,LATIM,556,Yes,-3156,1781,47.424,USOIL
505057,Yes,Yes,2025.08.25 22:13,40402,Europe,1658,Yes,-2214,3762,42.48,BTCUSD
505058,Yes,Yes,2025.08.27 14:39,40405,Europe,2950,Yes,725,215,11.208,XAUUSD
505059,Yes,Yes,2025.08.27 17:55,40404,Europe,216,No,-2883,699,5.344,XAUUSD
505060,Yes,Yes,2025.08.28 06:21,40401,MENA,631,Yes,-2510,1120,20.68,XAUUSD
505061,Yes,Yes,2025.08.28 07:16,40402,Europe,4850,Yes,-7955,3006,37.44,USOIL
505062,Yes,Yes,2025.08.28 07:21,40401,APAC,4959,No,-6764,1733,12.72,ETHUSD
505063,Yes,Yes,2025.08.28 08:46,40405,Europe,2114,Yes,-202,333,13.416,USOIL
505064,Yes,Yes,2025.08.28 08:48,40403,APAC,755,Yes,-5604,2989,32.232,ETHUSD
505065,Yes,Yes,2025.08.28 08:52,40402,Europe,2692,Yes,661,3745,4.384,XAUUSD
505066,Yes,Yes,2025.08.28 09:03,40405APAC,,4622,No,-4572,2199,44.832,BtcUsd
505067,Yes,Yes,2025.08.28 09:13,40405,LATIM,953,No,-2529,2364,51.824,USOIL
505068,Yes,Yes,2025.08.28 09:16,40405,LATIM,193,Yes,-3896,3206,31.84,XAUUSD
505069,Yes,Yes,2025.08.28 09:17,40405,LATIM,4274,Yes,7417,2695,18.216,BTCUSD
505070,Yes,Yes,2025.08.28 09:25,40405,Europe,3064,No,-1510,1711,4.296,XAUUSD
505071,Yes,Yes,2025.08.28 09:28,40401,LATIM,358,Yes,-4906,1572,54.256,XAUUSD
505072,Yes,Yes,2025.08.28 09:33,40404,APAC,2267,Yes,-2244,896,48.864,XAUUSD
505073,Yes,Yes,2025.08.28 09:34,40404,APAC,2788,Yes,-4855,405,12.88,XAUUSD
505074,Yes,Yes,2025.08.28 11:00,40405,Europe,4743,Yes,-4179,3467,14.432,XAUUSD
505075,Yes,Yes,2025.08.28 12:01,40402,MENA,2457,Yes,-6519,535,1.928,BTCUSD
505076,Yes,Yes,2025.08.30 11:03,40403,Europe,2118,Yes,-522,859,6.864,XAUUSD
505077,Yes,Yes,2025.09.01 07:15,40404,LATIM,227,Yes,-7616,1783,37.736,BtcUsd
505078,Yes,Yes,2025.09.01 07:17,40403,APAC,1584,Yes,-1919,723,16.544,USOIL
505079,Yes,Yes,2025.09.01 07:19,40402,Europe,2560,No,1663,1093,41.624,XAUUSD
505080,Yes,Yes,2025.09.01 09:25,40404,MENA,3967,Yes,7401,3233,53.76,ETHUSD
505081,Yes,Yes,2025.09.01 11:43,40401,APAC,4295,Yes,7113,2145,42.224,BTCUSD
505082,Yes,Yes,2025.09.01 11:52,40402,LATIM,1131,Yes,-2507,2584,25.248,USOIL
505083,Yes,Yes,2025.09.01 11:58,40402,APAC,4836,Yes,-3285,3747,17.712,XAUUSD
505084,Yes,Yes,2025.09.01 19:26,40405,APAC,2920,Yes,-6372,1178,5.8,XAUUSD
505085,Yes,Yes,2025.09.01 19:55,40402,LATIM,568,Yes,-2535,2562,23.064,ETHUSD
505086,Yes,Yes,2025.09.01 20:26,40403,LATIM,1766,No,-1460,2628,20.08,USOIL
505087,Yes,Yes,2025.09.01 21:23,40401,MENA,1473,Yes,-1227,2714,63.64,USOIL
505088,Yes,Yes,2025.09.01 21:24,40402,MENA,2937,Yes,-2443,2207,54.112,BTCUSD
505089,Yes,Yes,2025.09.01 23:36,40404,Europe,4771,Yes,-3541,1273,1.616,USDJPY
505090,Yes,Yes,2025.09.02 00:04,40401,LATIM,988,No,-5444,3168,44.832,BTCUSD
505091,Yes,Yes,2025.09.02 02:23,40403,LATIM,1637,Yes,-7647,2906,5.288,XAUUSD
505092,Yes,Yes,2025.09.02 02:23,40403,APAC,3512,Yes,-6764,231,36.576,ETHUSD
505093,Yes,Yes,2025.09.02 02:24,40402,MENA,3114,Yes,-7956,1381,20.232,BTCUSD
505094,Yes,Yes,2025.09.02 02:25,40403,MENA,78,No,-5933,3564,31.168,ETHUSD
505095,Yes,Yes,2025.09.02 02:28,40403,APAC,1121,No,-784,1411,59.336,USOIL
505096,Yes,Yes,2025.09.02 02:28,40402,LATIM,1888,Yes,785,2876,12.08,USOIL
505097,Yes,Yes,2025.09.02 07:13,40402,LATIM,1157,No,-3106,2490,39.248,XAUUSD
505098,Yes,Yes,2025.09.02 07:17,40405,Europe,262,Yes,-5445,2487,17.952,BTCUSD
505099,Yes,Yes,2025.09.02 07:20,40405,LATIM,4550,Yes,-1535,3580,38.84,XAUUSD
505100,Yes,Yes,2025.09.02 09:29,40402,APAC,1153,Yes,-4480,133,33.432,BTCUSD
505101,Yes,Yes,2025.09.02 10:05,40403,APAC,197,Yes,-28,820,52.152,XAUUSD
505102,Yes,Yes,2025.09.02 11:36,40402,APAC,4449,Yes,-5900,2017,4.176,USOIL
505103,Yes,Yes,2025.09.02 12:04,40403,LATIM,3733,No,-4915,1036,60.928,BTCUSD
505104,Yes,Yes,2025.09.02 12:25,40403,LATIM,3661,Yes,-5102,752,15.352,ETHUSD
505105,Yes,Yes,2025.09.02 12:26,40402,APAC,2104,Yes,-3891,1522,13.304,BTCUSD
505106,Yes,Yes,2025.09.02 17:54,40403,LATIM,140,Yes,-1445,497,59.208,XAUUSD
505107,Yes,Yes,2025.09.02 19:27,40403,LATIM,4200,Yes,-5232,2543,56.904,USOIL
505108,Yes,Yes,2025.09.02 22:55,40405,MENA,3470,Yes,-7377,188,20.056,XAUUSD
505109,Yes,Yes,2025.09.03 20:52,40402,LATIM,1359,Yes,-1925,858,26.28,XAUUSD
505110,Yes,Yes,2025.09.03 21:34,40401,MENA,3977,Yes,-7729,1375,50.976,USOIL
505111,Yes,Yes,2025.09.04 13:28,40405,APAC,4682,No,5371,2030,20.28,USOIL
505112,Yes,Yes,2025.09.04 13:30,40405,MENA,3522,Yes,-4464,3235,11.68,XAUUSD
505113,Yes,Yes,2025.09.04 13:37,40403,APAC,4023,Yes,-5000,3191,9.816,XAUUSD
505114,Yes,Yes,2025.09.05 06:26,40404,MENA,1986,No,6366,3623,19.544,USOIL
505115,Yes,Yes,2025.09.05 06:30,40403,APAC,420,No,-318,1919,28.328,USOIL
505116,Yes,Yes,2025.09.05 06:32,40401,LATIM,3959,Yes,-3464,1044,43.552,BTCUSD
505117,Yes,Yes,2025.09.05 09:03,40402,LATIM,3472,No,-1898,810,61.176,XAUUSD
505118,Yes,Yes,2025.09.06 05:12,40402,MENA,880,No,-7264,3087,54.112,XAUUSD
505119,Yes,Yes,2025.09.06 12:22,40401,LATIM,4955,Yes,-5652,2998,87.516,USOIL
505120,Yes,Yes,2025.09.06 12:24,40402,MENA,4142,No,1535,3128,65.263,ETHUSD
505121,No,No,2025.09.06 12:25,40405,Europe,0,Yes,5386,2690,8.624,ETHUSD
505122,Yes,Yes,2025.09.06 12:36,40402,LATIM,106,Yes,-3217,382,8.635,XAUUSD
505123,Yes,Yes,2025.09.06 12:38,40405,MENA,1814,No,-7035,603,34.166,XAUUSD
505124,Yes,Yes,2025.09.06 12:53,40404,MENA,4247,Yes,-3485,210,59.895,USOIL
505125,Yes,Yes,2025.09.06 13:12,40403,Europe,3903,No,3987,975,16.885,BTCUSD
505126,Yes,Yes,2025.09.06 13:15,40405,APAC,3119,Yes,-5219,2718,49.28,USOIL
505127,Yes,Yes,2025.09.06 13:18,40404,LATIM,3263,Yes,-1600,2344,0.308,XAUUSD
505128,Yes,Yes,2025.09.06 13:21,40403,APAC,408,Yes,-2241,2461,64.9,ETHUSD
505129,Yes,Yes,2025.09.08 13:45,40405,MENA,3810,Yes,4494,2156,54.065,BTCUSD
505130,Yes,Yes,2025.09.09 12:43,40404,LATIM,2323,No,-852,3034,56.122,ETHUSD
505131,Yes,Yes,2025.09.09 12:45,40403,LATIM,3167,Yes,-2970,2976,42.801,BTCUSD
505132,Yes,Yes,2025.09.09 12:56,40404,MENA,4172,No,-4979,1715,15.895,USDJPY
505133,Yes,Yes,2025.09.09 12:58,40404,Europe,3152,Yes,-6985,979,57.552,BTCUSD
505134,Yes,Yes,2025.09.09 13:01,40405,Europe,3053,Yes,-2139,3435,81.147,XAUUSD
505135,Yes,Yes,2025.09.09 13:03,40401,LATIM,3303,Yes,-483,3344,21.175,XAUUSD
505136,Yes,Yes,2025.09.09 13:06,40401,MENA,274,Yes,-7274,2212,85.019,USOIL
505137,Yes,Yes,2025.09.09 13:08,40404,LATIM,442,Yes,-6464,877,59.081,XAUUSD
505138,Yes,Yes,2025.09.09 14:26,40401,LATIM,4491,Yes,-2303,758,49.104,ETHUSD
505139,Yes,Yes,2025.09.10 13:31,40405,APAC,1416,Yes,-6725,2420,55,BTCUSD
505140,Yes,Yes,2025.09.10 16:16,40404,Europe,4381,Yes,-981,2200,70.026,ETHUSD
505141,Yes,Yes,2025.09.10 20:11,40404,Europe,2498,No,667,3019,3.498,BTCUSD
505142,Yes,Yes,2025.09.11 07:25,40404,MENA,969,No,-4086,1503,38.104,ETHUSD
505143,Yes,Yes,2025.09.11 12:02,40403,MENA,3052,No,-755,767,20.878,ETHUSD
505144,Yes,Yes,2025.09.12 15:35,40403,MENA,218,No,-4615,1165,79.904,ETHUSD
505145,Yes,Yes,2025.09.14 06:03,40405,APAC,1915,No,-3130,676,62.172,XAUUSD
505146,Yes,Yes,2025.09.14 06:04,40401,MENA,1682,Yes,-6175,2041,16.885,BTCUSD
505147,Yes,Yes,2025.09.14 06:06,40404,APAC,3432,Yes,-718,1502,59.246,XAUUSD
505148,Yes,Yes,2025.09.14 06:09,40402,LATIM,429,Yes,-2940,3603,35.387,BTCUSD
505149,Yes,Yes,2025.09.20 16:32,40401,APAC,571,Yes,-4444,2793,77.385,BTCUSD
505150,Yes,Yes,2025.09.23 15:09,40405,MENA,768,No,-6185,2841,38.335,XAUUSD
505151,Yes,Yes,2025.10.02 07:53,40405,APAC,1781,No,-4116,216,43.857,XAUUSD
505152,Yes,Yes,2025.10.03 09:55,40402,LATIM,1066,No,-1182,2860,57.409,XAUUSD
505153,Yes,Yes,2025.10.04 16:06,40403,LATIM,3074,No,-1922,2441,17.6,XAUUSD
505154,Yes,Yes,2025.10.06 15:44,40404,APAC,3175,No,-2244,208,24.651,USOIL
505155,Yes,Yes,2025.10.10 07:25,40405,APAC,4729,No,-7679,755,49.434,ETHUSD
505156,Yes,Yes,2025.10.10 07:47,40405,APAC,2012,Yes,-1739,2329,9.372,ETHUSD
505157,Yes,Yes,2025.10.12 10:32,40401,APAC,4148,Yes,-1490,2071,32.67,ETHUSD
505158,Yes,Yes,2025.10.13 12:27,40401,Europe,1240,No,-2891,1937,54.769,BTCUSD
505159,Yes,Yes,2025.10.14 17:32,40404,MENA,4840,Yes,-2957,2533,76.835,XAUUSD
505160,Yes,Yes,2025.10.16 16:42,40405,MENA,1955,Yes,-841,2080,23.529,XAUUSD
505161,Yes,Yes,2025.10.16 17:21,40402,LATIM,4626,Yes,-4489,423,5.313,XAUUSD
505162,Yes,Yes,2025.10.17 09:07,40403,Europe,3493,No,-4795,468,80.014,ETHUSD
505163,Yes,Yes,2025.10.18 14:39,40405,Europe,659,Yes,-1361,1962,71.104,XAUUSD
505164,Yes,Yes,2025.10.19 21:38,40405,Europe,1978,Yes,-483,933,25.333,XAUUSD
505165,Yes,Yes,2025.10.20 20:29,40405,LATIM,4653,Yes,-354,387,73.975,ETHUSD
505166,Yes,Yes,2025.10.21 10:49,40404,MENA,4152,No,-730,3318,10.791,ETHUSD
505167,Yes,Yes,2025.10.21 11:56,40401,LATIM,2258,Yes,-6626,216,7.337,BTCUSD
505168,Yes,Yes,2025.10.21 14:34,40404,Europe,2576,No,-7230,1588,44.946,ETHUSD
505169,Yes,Yes,2025.10.21 18:45,40402,Europe,231,Yes,-6305,1317,8.305,XAUUSD
505170,Yes,Yes,2025.10.22 07:57,40401,LATIM,2414,Yes,-1571,1702,50.765,ETHUSD
505171,Yes,Yes,2025.10.22 10:23,40403,Europe,2332,Yes,-5564,2640,34.43,ETHUSD
505172,Yes,Yes,2025.10.22 14:51,40402,Europe,961,Yes,-4968,671,67.925,BTCUSD
505173,Yes,Yes,2025.10.23 11:28,40402,LATIM,608,Yes,-2735,2967,7.898,BTCUSD
505174,Yes,Yes,2025.10.24 08:47,40404,APAC,3611,Yes,-781,1233,32.34,BTCUSD
505175,Yes,Yes,2025.10.24 17:26,40403,MENA,1124,Yes,-6516,448,48.884,XAUUSD
505176,Yes,Yes,2025.10.26 12:57,40405,APAC,377,Yes,-7104,758,68.035,BTCUSD
505177,Yes,Yes,2025.10.26 19:06,40405,MENA,851,No,-4947,2060,45.276,BTCUSD
505178,Yes,Yes,2025.10.27 11:47,40403,Europe,825,No,-3998,2393,13.002,BTCUSD
505179,Yes,Yes,2025.11.03 04:29,40403,LATIM,2710,Yes,-5099,1128,21.142,ETHUSD
505180,Yes,Yes,2025.11.03 05:28,40405,Europe,2560,Yes,-3418,370,24.684,ETHUSD
505181,Yes,Yes,2025.11.04 08:48,40401,LATIM,3112,Yes,-1605,1490,84.469,XAUUSD
505182,Yes,Yes,2025.11.06 20:25,40405,Europe,3472,Yes,-7831,511,19.129,BTCUSD
505183,Yes,Yes,2025.11.12 06:12,40401,MENA,1177,Yes,-5621,2825,16.39,BTCUSD
505184,Yes,Yes,2025.11.12 16:50,40404,APAC,579,Yes,-2454,2946,31.801,XAUUSD
505185,Yes,Yes,2025.11.12 20:43,40401,Europe,1068,Yes,1342,316,32.527,XAUUSD
505186,Yes,Yes,2025.11.13 17:32,40404,MENA,4746,Yes,-7964,1736,9.251,BTCUSD
505187,Yes,Yes,2025.11.16 12:23,40405,Europe,2923,Yes,-7944,2294,49.379,ETHUSD
505188,Yes,Yes,2025.11.17 14:09,40402,Europe,144,No,-7979,1510,52.745,ETHUSD
505189,Yes,Yes,2025.11.18 09:06,40403,APAC,4020,Yes,-2849,350,14.971,BTCUSD
505190,Yes,Yes,2025.12.08 07:34,40401,LATIM,1916,No,-3837,832,5.313,XAUUSD
505191,Yes,Yes,2025.12.12 16:51,40402,Europe,2977,No,-7324,3083,3.894,BTCUSD
505192,Yes,Yes,2025.12.14 20:33,40401,Europe,4153,Yes,-7244,2086,8.03,ETHUSD
505193,Yes,Yes,2025.12.14 20:59,40404,APAC,316,No,-2612,3331,72.886,XAUUSD
505194,Yes,Yes,2025.12.15 21:37,40401,LATIM,1014,Yes,-7725,2824,79.53,BTCUSD
505195,Yes,Yes,2025.12.20 17:30,40405,MENA,4230,Yes,-7966,1487,69.355,BTCUSD
505196,Yes,Yes,2025.12.22 06:24,40404,Europe,2595,Yes,-2318,1213,17.281,ETHUSD
505197,Yes,Yes,2025.12.25 17:04,40402,MENA,3378,Yes,1404,2600,61.204,ETHUSD
505198,Yes,Yes,2025.12.29 08:29,40405,LATIM,1575,Yes,-2730,762,54.648,XAUUSD
505199,Yes,Yes,2025.12.29 13:40,40401,Europe,2490,No,-3119,533,30.085,ETHUSD
505200,Yes,Yes,2025.12.29 19:17,40405,Europe,3445,Yes,-6941,3399,8.591,XAUUSD
505201,Yes,Yes,2025.12.30 11:55,40405,MENA,2681,No,1987,3279,71.676,XAUUSD
505202,Yes,Yes,2025.12.31 12:46,40403,Europe,4708,Yes,-1144,1290,78.144,BTCUSD
505203,Yes,Yes,2025.12.31 18:54,40402,Europe,1268,Yes,5202,733,54.417,ETHUSD
505204,Yes,Yes,2026.01.06 09:34,40402,APAC,659,Yes,-230,2089,43.978,BTCUSD
505205,Yes,Yes,2026.01.07 07:26,40405,LATIM,3263,No,-5567,3614,56.089,BTCUSD
505206,Yes,Yes,2026.01.07 14:42,40404,Europe,3002,Yes,-2111,2672,37.598,BTCUSD
505207,Yes,Yes,2026.01.09 09:46,40405,LATIM,748,No,-5019,2839,17.655,BTCUSD
505208,Yes,Yes,2026.01.28 19:47,40405,LATIM,4461,No,-959,1622,86.141,XAUUSD
505209,Yes,Yes,2026.01.29 12:32,40404,Europe,357,Yes,-7038,669,61.831,ETHUSD
505210,Yes,Yes,2026.01.30 08:14,40402,LATIM,2877,Yes,-6525,106,26.994,BTCUSD
505211,Yes,Yes,2026.02.01 10:50,40404,MENA,2312,Yes,-3805,341,14.762,ETHUSD
505212,Yes,Yes,2026.02.04 13:13,40404,LATIM,3438,No,4366,2851,87.604,BTCUSD
505213,Yes,Yes,2026.02.04 18:23,40401,APAC,868,Yes,-4489,3210,87.384,BTCUSD
505214,Yes,Yes,2026.02.05 12:32,40402,APAC,-943,Yes,-5971,651,87.769,ETHUSD
505215,Yes,Yes,2026.02.05 17:41,40401,Europe,4605,Yes,-2077,3345,31.339,BTCUSD
505216,Yes,Yes,2026.02.06 09:21,40401,MENA,1385,No,-138,1039,42.207,XAUUSD
505217,Yes,Yes,2026.02.06 19:43,40401,MENA,1446,Yes,-4930,707,80.564,BTCUSD
505218,Yes,Yes,2026.02.10 08:39,40404,Europe,4781,No,-6926,611,79.684,ETHUSD
505219,Yes,Yes,2026.02.10 08:54,40401,LATIM,2181,Yes,-1250,2945,28.732,ETHUSD
505220,Yes,Yes,2026.02.11 05:57,40402,MENA,1519,Yes,7889,1951,84.975,BTCUSD
505221,Yes,Yes,2026.02.11 09:31,40405,LATIM,2823,Yes,-7760,175,87.626,XAUUSD
505222,Yes,Yes,2026.02.15 03:52,40404,MENA,3665,No,-6269,2695,25.498,XAUUSD
505223,Yes,Yes,2026.02.19 02:59,40402,LATIM,3558,No,-343,162,15.444,BTCUSD
505224,Yes,Yes,2026.02.19 07:40,40403,MENA,3089,Yes,-3667,503,30.03,ETHUSD
505225,Yes,Yes,2026.02.19 11:18,40401,APAC,4255,No,-7249,1875,34.309,BTCUSD
505226,Yes,Yes,2026.02.24 10:53,40403,APAC,3848,Yes,-2807,999,76.351,BTCUSD
505227,Yes,Yes,2026.02.25 06:19,40403,Europe,3883,Yes,-4591,1432,21.857,XAUUSD
505228,Yes,Yes,2026.02.26 13:22,40405,LATIM,4313,Yes,-2466,2889,12.584,XAUUSD
505229,Yes,Yes,2026.02.26 17:04,40404,APAC,3182,Yes,2666,3624,57.222,BTCUSD
505230,Yes,Yes,2026.03.02 07:31,40402,APAC,2498,Yes,-7769,863,2.53,BTCUSD
505231,Yes,Yes,2026.03.03 16:24,40401,APAC,279,No,2946,2279,61.237,ETHUSD
505232,Yes,Yes,2026.03.03 17:34,40404,APAC,4965,Yes,-4207,2639,23.221,BTCUSD
505233,Yes,Yes,2026.03.09 15:18,40401,MENA,863,Yes,-2802,635,55.209,ETHUSD
505234,Yes,Yes,2026.03.12 05:41,40404,MENA,4292,Yes,-3152,462,10.549,ETHUSD
505235,Yes,Yes,2026.03.12 20:21,40404,MENA,785,Yes,-3738,2700,77.418,XAUUSD
505236,No,No,2026.03.13 07:04,40404,Europe,0,Yes,-5340,1724,71.775,XAUUSD
505237,Yes,Yes,2026.03.16 11:01,40401,MENA,1668,No,-7130,2548,41.855,XAUUSD
505238,Yes,Yes,2026.03.16 11:15,40402,LATIM,1788,Yes,-4643,2098,48.026,XAUUSD
505238,Yes,Yes,2026.03.16 11:15,40402,LATIM,1788,Yes,-4643,2098,48.026,XAUUSD
505239,Yes,Yes,2026.03.17 03:34,40401,LATIM,324,Yes,-660,1165,49.379,XAUUSD
505240,Yes,Yes,2026.03.17 12:14,40402,LATIM,656,No,-4638,1847,65.681,XAUUSD
505241,Yes,Yes,2026.03.20 18:35,40403,Europe,1680,Yes,-7110,1127,22.847,ETHUSD
505242,Yes,Yes,2026.03.20 18:52,40403,Europe,4704,Yes,-596,2885,1.518,XAUUSD
505243,Yes,Yes,2026.03.23 12:22,40405,LATIM,4240,No,-6317,486,54.23,XAUUSD
505244,Yes,Yes,2026.03.24 15:22,40403,LATIM,2437,Yes,-4636,3126,76.186,ETHUSD
505245,Yes,Yes,2026.03.25 15:24,40405,LATIM,651,No,-2291,1979,13.75,BTCUSD
505246,Yes,Yes,,40403,Europe,1784,Yes,-2583,102,86.779,ETHUSD
505247,Yes,Yes,,40402,Europe,4486,Yes,4994,3443,85.36,BTCUSD
505248,Yes,Yes,2026.03.30 00:00,40401,Europe,785,Yes,-1190,3019,68.959,XAUUSD
505249,Yes,Yes,2026.03.30 00:00,40405,APAC,4383,Yes,-2891,3167,3.773,BTCUSD
505250,Yes,Yes,2026.03.30 00:00,40402,Europe,3643,Yes,17202,637,40.337,ETHUSD
505251,Yes,Yes,2026.03.30 00:00,40402,LATIM,297,Yes,-9765,721,54.3675,BTCUSD
505252,Yes,Yes,2026.03.30 00:00,40402,MENA,1540,No,512,2383,21.0525,XAUUSD
505253,Yes,Yes,2026.03.30 00:00,40401,MENA,3533,No,-4767,3552,34.4325,XAUUSD
505254,Yes,Yes,2026.03.30 00:00,40401,LATIM,4360,No,-23999,1996,18.495,XAUUSD
505255,Yes,Yes,2026.03.30 00:00,40402,APAC,2365,Yes,-4130,731,19.995,ETHUSD
505256,Yes,Yes,2026.03.30 00:00,40405,LATIM,3073,No,-9403,2142,58.2675,BTCUSD
505257,Yes,Yes,2026.03.30 00:00,40405,LATIM,3492,Yes,8887,2203,22.095,XAUUSD
505258,Yes,Yes,2026.03.30 00:00,40402,MENA,890,No,-24438,134,31.5525,XAUUSD
505259,Yes,Yes,2026.03.30 00:00,40404,MENA,431,No,-19994,203,21.015,ETHUSD
505260,Yes,Yes,2026.03.30 00:00,40401,APAC,3248,Yes,-16556,996,23.64,ETHUSD
505261,Yes,Yes,,40404,Europe,2219,No,-8861,3233,28.035,XAUUSD
505262,Yes,Yes,2026.03.30 21:43,40401,Europe,1638,Yes,-25982,1002,40.05,ETHUSD
505263,Yes,Yes,2026.04.02 20:34,40401,LATIM,3493,Yes,-9374,85,53.475,BTCUSD
505264,Yes,Yes,2026.04.07 09:25,40402,LATIM,3403,No,-14429,2531,34.8225,BTCUSD
505265,Yes,Yes,2026.04.07 20:37,40402,Europe,3783,Yes,-8254,2467,4.95,ETHUSD
505266,Yes,Yes,2026.04.07 20:37,40402,APAC,3292,Yes,2517,2188,34.785,BTCUSD
505267,Yes,Yes,2026.04.08 14:58,40401,LATIM,4255,Yes,-21372,1398,53.325,XAUUSD
505268,Yes,Yes,2026.04.16 19:59,40405,LATIM,684,No,-6390,2932,4.47,ETHUSD
505269,Yes,Yes,2026.04.17 09:00,40405,MENA,490,Yes,-709,2551,47.3775,BTCUSD
505270,Yes,Yes,2026.04.17 13:30,40401,Europe,4885,Yes,-13216,1345,34.77,BTCUSD
505271,Yes,Yes,2026.04.17 14:14,40404,LATIM,3919,No,23710,3196,17.1825,ETHUSD
505272,Yes,Yes,2026.04.18 05:29,40405,APAC,2080,Yes,-7101,2883,19.3725,XAUUSD
505273,Yes,Yes,2026.04.19 10:33,40404,LATIM,4514,Yes,-8663,2634,37.455,BTCUSD
505274,Yes,Yes,2026.04.20 10:46,40405,APAC,4630,Yes,-24109,3095,8.925,BTCUSD
505275,No,No,2026.04.20 10:53,40402,LATIM,4489,No,-21853,233,21.6825,ETHUSD
505276,Yes,Yes,2026.04.26 16:05,40405,APAC,1183,Yes,-10217,2469,129.015,ETHUSD
505277,Yes,Yes,2026.04.27 08:38,40403,MENA,2141,No,-2459,3398,73.2375,BTCUSD
505278,Yes,Yes,2026.04.27 16:09,40401,LATIM,2158,Yes,-15892,3391,3.84,ETHUSD
505279,Yes,Yes,2026.04.29 21:33,40405,Europe,291,No,3738,3136,35.7525,XAUUSD
505280,Yes,Yes,2026.05.02 09:27,40401,MENA,0,Yes,-25702,1224,179.9925,ETHUSD
505281,Yes,Yes,2026.05.03 05:49,40403,Europe,2090,Yes,-3614,454,30.975,BTCUSD
505282,Yes,Yes,2026.05.03 16:28,40404,Europe,3888,Yes,-7885,1212,70.5225,ETHUSD
505283,Yes,Yes,2026.05.04 21:25,40402,Europe,2704,Yes,-7355,1365,66.6525,XAUUSD
505284,Yes,Yes,2026.05.04 21:29,40402,LATIM,1845,Yes,-7621,459,183.285,BTCUSD
505285,Yes,Yes,2026.05.05 20:41,40403,LATIM,4986,Yes,-25423,397,149.955,ETHUSD
505286,Yes,Yes,2026.05.08 07:10,40401,Europe,2046,Yes,-920,1234,124.17,BTCUSD
505287,Yes,Yes,2026.05.10 14:19,40402,LATIM,164,No,-17999,2758,66.4575,ETHUSD
505288,Yes,Yes,2026.05.11 18:25,40402,Europe,2378,Yes,-1532,3481,194.865,BTCUSD
505289,Yes,Yes,2026.05.14 15:17,40401,APAC,1588,Yes,-5018,114,70.305,ETHUSD
505290,Yes,Yes,2026.05.14 19:31,40402,Europe,3946,No,-3734,792,108.2175,ETHUSD
505291,Yes,Yes,2026.05.15 20:06,40403,LATIM,967,Yes,-3887,3298,61.905,XAUUSD
505292,Yes,Yes,2026.05.15 21:47,40401,APAC,2414,Yes,-18276,694,18.8775,XAUUSD
505293,Yes,Yes,2026.05.15 21:49,40405,APAC,3053,Yes,-15077,461,160.29,BTCUSD
505294,Yes,Yes,2026.05.16 14:52,40404,MENA,3792,No,-9128,2904,47.925,XAUUSD
505295,Yes,Yes,2026.05.17 21:24,40401,Europe,2200,Yes,-22869,2112,5.3175,XAUUSD
505296,Yes,Yes,2026.05.18 10:20,40404,LATIM,4168,Yes,-10022,1032,99.12,BTCUSD
505297,Yes,Yes,2026.05.18 12:59,40403,APAC,4860,Yes,-10079,1311,177.825,ETHUSD
505298,Yes,Yes,2026.05.18 13:20,40404,MENA,4851,Yes,4300,865,53.2575,XAUUSD
505299,Yes,Yes,2026.05.18 13:31,40402,LATIM,2081,Yes,-12332,3164,64.9725,XAUUSD
505300,Yes,Yes,2026.05.18 14:11,40402,LATIM,1468,Yes,15858,946,180.8175,BTCUSD
505301,Yes,Yes,2026.05.18 19:29,40402,MENA,1781,Yes,-21322,2088,163.8975,BTCUSD
505302,Yes,Yes,2026.05.18 20:29,40401,LATIM,3357,Yes,2088,2104,76.6275,XAUUSD
505303,Yes,Yes,2026.05.19 00:12,40402,Europe,2137,Yes,-7421,3496,18.4425,ETHUSD
505304,Yes,Yes,2026.05.19 00:12,40401,MENA,284,Yes,16902,1427,119.19,BTCUSD
505305,Yes,Yes,2026.05.19 00:12,40402,MENA,1389,Yes,-8601,1078,28.035,BTCUSD
505306,Yes,Yes,2026.05.19 06:39,40405,APAC,4104,No,6476,2320,192.765,XAUUSD
505307,Yes,Yes,2026.05.19 08:58,40402,Europe,1879,Yes,-12340,162,27.105,BTCUSD
505308,Yes,Yes,2026.05.19 10:03,40405,Europe,9999999,Yes,-22163,3209,59.1375,XAUUSD
505309,Yes,Yes,2026.05.19 11:32,40402,Europe,1469,Yes,-20258,1699,55.1625,ETHUSD
505310,Yes,Yes,2026.05.19 13:26,40403,Europe,806,Yes,-12657,1849,57.1575,BTCUSD
505311,Yes,Yes,2026.05.19 14:50,40405,Europe,427,Yes,-21082,681,190.6725,XAUUSD
505312,Yes,Yes,2026.05.19 20:25,40401,Europe,3447,Yes,-22465,1703,6.9,XAUUSD
505313,Yes,Yes,2026.05.20 06:55,40401,MENA,324,Yes,20121,158,134.9925,BTCUSD
505314,Yes,Yes,2026.05.20 07:35,40405,APAC,955,Yes,25018,1982,11.49,XAUUSD
505315,Yes,Yes,2026.05.20 08:18,40404,Europe,2139,Yes,-7787,1987,37.635,BTCUSD
505316,Yes,Yes,2026.05.20 10:21,40403,Europe,311,Yes,10139,1867,28.005,XAUUSD
505317,Yes,Yes,2026.05.20 22:43,40401,MENA,973,No,-3068,1961,29.1525,XAUUSD
505318,Yes,Yes,2026.05.21 05:56,40403,MENA,854,Yes,-17877,3360,137.07,ETHUSD
505319,Yes,Yes,2026.05.21 05:57,40402,MENA,3143,Yes,-4674,959,113.0775,ETHUSD
505320,Yes,Yes,2026.05.21 06:05,40401,APAC,1583,No,-3327,667,68.46,XAUUSD
505321,No,No,2026.05.21 07:10,40405,LATIM,0,Yes,-4765,2229,171.5175,XAUUSD
505322,Yes,Yes,2026.05.21 14:50,40401,MENA,4428,No,-17354,2775,75.165,XAUUSD
505323,Yes,Yes,2026.05.22 02:43,40404,Europe,1106,No,-15847,975,75.5925,ETHUSD
505324,Yes,Yes,2026.05.22 04:50,40401,MENA,3702,Yes,-5595,2676,32.25,ETHUSD
505325,Yes,Yes,2026.05.22 20:17,40402,APAC,381,Yes,12696,582,92.49,XAUUSD
505326,Yes,Yes,2026.05.22 20:35,40404,MENA,2945,Yes,-14542,2345,118.935,XAUUSD
505327,Yes,Yes,2026.05.24 05:24,40403,MENA,3470,Yes,20384,2530,159.915,BTCUSD
505328,Yes,Yes,2026.05.24 13:59,40401,APAC,2651,Yes,-4711,2541,15.66,ETHUSD
505329,Yes,Yes,2026.05.24 14:58,40403,APAC,4868,No,-9210,3059,55.6575,BTCUSD
505330,Yes,Yes,2026.05.25 06:48,40405,LATIM,1400,No,504,2869,126.765,BTCUSD
505331,Yes,Yes,2026.05.25 18:41,40403,LATIM,2621,Yes,-9533,1821,64.5075,ETHUSD
505332,Yes,Yes,2026.05.25 20:24,40401,APAC,2837,No,-20486,190,48.57,ETHUSD
505333,Yes,Yes,2026.05.25 20:28,40403,APAC,3238,No,-16615,1649,92.55,XAUUSD
505334,Yes,Yes,2026.05.25 21:50,40401,Europe,692,Yes,-7166,2612,166.2225,BTCUSD
505335,Yes,Yes,2026.05.26 19:40,40403,MENA,3489,Yes,-18729,1670,151.935,BTCUSD
505336,Yes,Yes,2026.05.27 07:00,40403,Europe,0,Yes,-10294,422,94.9275,BTCUSD
505337,Yes,Yes,2026.05.27 07:55,40401,MENA,1291,Yes,-2453,2040,158.115,XAUUSD
505338,Yes,Yes,2026.05.27 10:26,40404,Europe,4608,Yes,-13760,2010,168.4875,BTCUSD
505339,Yes,Yes,2026.05.27 13:08,40404,LATIM,4116,No,-4749,805,150.9075,XAUUSD
505340,Yes,Yes,2026.05.27 14:22,40405,MENA,1700,Yes,-675,1182,187.635,BTCUSD
505341,Yes,Yes,2026.05.27 14:24,40404,APAC,3522,Yes,-5439,435,58.4025,BTCUSD
505342,Yes,Yes,2026.05.27 14:55,40402,Europe,2117,Yes,-15068,690,76.0425,ETHUSD
505343,Yes,Yes,2026.05.27 19:29,40405,MENA,4172,No,-2594,2534,23.01,XAUUSD
505344,Yes,Yes,2026.05.27 20:13,40402,LATIM,3485,Yes,-18130,1722,134.0775,XAUUSD
505345,Yes,Yes,2026.05.28 05:11,40404,Europe,1013,Yes,-1558,2211,35.055,BTCUSD
505346,Yes,Yes,2026.05.28 07:23,40403,LATIM,486,Yes,-1682,1599,24.9525,ETHUSD
505346,Yes,Yes,2026.05.28 07:23,40403,LATIM,486,Yes,-1682,1599,24.9525,ETHUSD
505347,Yes,Yes,2026.05.28 07:27,40405,LATIM,4286,Yes,-25409,252,35.7375,XAUUSD
505348,Yes,Yes,2026.05.28 11:10,40405,MENA,4469,No,-2842,1373,130.155,BTCUSD
505349,Yes,Yes,2026.05.28 20:31,40405,APAC,4847,No,-1280,1688,118.8525,BTCUSD
505350,Yes,Yes,2026.05.29 10:22,40401,LATIM,1282,Yes,-22558,2748,41.9625,ETHUSD
505351,Yes,Yes,2026.05.29 10:46,40403,LATIM,4844,Yes,-15200,2876,95.22,XAUUSD
505352,Yes,Yes,2026.05.30 06:10,40401,Europe,4523,No,21607,3354,109.065,ETHUSD
505353,Yes,Yes,2026.05.30 07:43,40401,LATIM,677,Yes,-10876,3097,152.88,ETHUSD
505354,Yes,Yes,2026.05.30 08:14,40405,Europe,775,Yes,-15193,2799,35.3325,BTCUSD
505355,Yes,Yes,2026.05.30 18:55,40401,LATIM,4629,Yes,-17395,1046,69.075,ETHUSD
505356,Yes,Yes,2026.05.30 19:33,40402,Europe,4434,Yes,-23346,751,3.78,ETHUSD
505357,Yes,Yes,2026.05.30 20:31,40402,MENA,2049,Yes,-23197,2101,71.4975,BTCUSD
505358,Yes,Yes,2026.05.31 03:36,40402,MENA,1483,No,-18230,2387,153.645,XAUUSD
505359,Yes,Yes,2026.05.31 10:07,40404,MENA,4100,Yes,-24621,2376,124.6125,BTCUSD
505360,Yes,Yes,2026.05.31 10:38,40404,APAC,1412,Yes,-24457,3380,53.745,BTCUSD
505361,Yes,Yes,2026.06.01 06:35,40405,MENA,2590,Yes,-6132,2491,140.4675,XAUUSD
505362,Yes,Yes,2026.06.01 08:27,40403,APAC,1985,No,15244,655,77.205,ETHUSD
505363,Yes,Yes,2026.06.01 08:28,40402,APAC,2830,Yes,-25791,1685,18.3975,ETHUSD
505364,Yes,Yes,2026.06.01 08:36,40405,APAC,429,No,-23430,104,103.2,ETHUSD
505365,Yes,Yes,2026.06.01 09:29,40402,MENA,2802,Yes,-5641,1401,35.6175,BTCUSD
505366,Yes,Yes,2026.06.01 13:00,40401,LATIM,4287,Yes,-16740,1222,5.0625,BTCUSD
505367,Yes,Yes,2026.06.01 16:35,40401,LATIM,2563,Yes,-15757,1216,40.7925,ETHUSD
505368,Yes,Yes,2026.06.02 05:54,40405,MENA,4073,Yes,-1985,2104,113.01,XAUUSD
505369,Yes,Yes,2026.06.02 05:57,40403,LATIM,2045,Yes,-25534,1298,19.455,XAUUSD
505370,Yes,Yes,2026.06.02 06:32,40404,MENA,1521,No,-19074,2307,135.975,XAUUSD
505371,Yes,Yes,2026.06.02 06:35,40404,MENA,1607,Yes,-7164,2705,11.685,XAUUSD
505372,No,No,2026.06.02 09:55,40404,MENA,0,Yes,-4972,237,12.615,ETHUSD
505373,Yes,Yes,2026.06.02 13:07,40404,APAC,1595,Yes,23151,943,190.5675,XAUUSD
505374,Yes,Yes,2026.06.02 13:08,40402,LATIM,2457,Yes,-20167,77,21.315,BTCUSD
505375,Yes,Yes,2026.06.02 16:07,40401,LATIM,700,Yes,-11652,339,9.6,XAUUSD
505376,Yes,Yes,2026.06.02 19:42,40402,MENA,3460,Yes,-7449,820,169.185,XAUUSD
505377,Yes,Yes,2026.06.03 02:40,40402,LATIM,3983,Yes,2001,2576,114,XAUUSD
505378,Yes,Yes,2026.06.03 09:43,40403,MENA,3669,No,-1390,2003,162.0525,ETHUSD
505379,Yes,Yes,2026.06.03 10:40,40405,MENA,-7988,Yes,-23623,2558,81.57,BTCUSD
505380,Yes,Yes,2026.06.03 10:40,40404,APAC,1525,Yes,-18530,754,113.9475,XAUUSD
505381,Yes,Yes,2026.06.03 10:55,40404,MENA,1640,No,-23268,844,130.4625,BTCUSD
505382,Yes,Yes,2026.06.03 11:09,40402,APAC,550,Yes,-5286,1543,175.095,ETHUSD
505383,Yes,Yes,2026.06.03 14:15,40403,APAC,3043,No,-3958,2971,173.9775,XAUUSD
505384,Yes,Yes,2026.06.03 17:46,40404,LATIM,437,No,-4387,2748,136.725,ETHUSD
505385,Yes,Yes,2026.06.04 09:13,40403,MENA,3189,No,-2467,209,184.6575,BTCUSD
505386,Yes,Yes,2026.06.04 12:21,40404,MENA,3419,No,-14619,1126,183.4275,BTCUSD
505387,Yes,Yes,2026.06.04 13:40,40401,LATIM,664,No,-8253,3312,45.99,XAUUSD
505388,Yes,Yes,2026.06.04 22:00,40403,APAC,1962,Yes,-4682,2513,114.33,XAUUSD
505389,Yes,Yes,2026.06.05 08:00,40402,APAC,4829,Yes,16011,1949,193.4325,XAUUSD
505390,Yes,Yes,2026.06.05 09:12,40403,LATIM,4050,Yes,-23006,32,175.725,XAUUSD
505391,Yes,Yes,2026.06.05 14:38,40401,LATIM,1638,Yes,-23407,741,42.3075,ETHUSD
505392,Yes,Yes,2026.06.05 15:14,40404,MENA,819,Yes,21157,1177,125.55,BTCUSD
505393,Yes,Yes,2026.06.05 20:59,40405,LATIM,3030,Yes,-14558,64,118.1775,ETHUSD
505394,Yes,Yes,2026.06.06 06:43,40401,LATIM,4525,Yes,-8814,985,14.8875,XAUUSD
505395,Yes,Yes,2026.06.07 13:15,40402,APAC,1714,Yes,-322,3302,191.505,BTCUSD
505396,Yes,Yes,2026.06.07 18:17,40403,APAC,1635,No,-17898,2008,143.055,XAUUSD
505397,Yes,Yes,2026.06.07 21:14,40405,MENA,3597,Yes,-8118,3119,53.73,ETHUSD
505398,Yes,Yes,2026.06.07 22:09,40405,MENA,542,Yes,-15666,2186,37.29,ETHUSD
505399,Yes,Yes,2026.06.08 09:19,40403,MENA,953,Yes,15065,975,173.6325,BTCUSD
505400,Yes,Yes,2026.06.08 11:04,40402,MENA,3439,No,-4977,2072,151.2525,XAUUSD
505401,Yes,Yes,2026.06.08 12:26,40402,LATIM,2778,Yes,-15836,2755,87.39,BTCUSD
505402,Yes,Yes,2026.06.08 18:56,40403,APAC,4214,Yes,-24711,2860,55.8675,ETHUSD
505403,Yes,Yes,2026.06.09 12:58,40404,APAC,446,Yes,25796,976,15.0075,XAUUSD
505404,Yes,Yes,2026.06.10 06:59,40404,LATIM,3197,No,-14039,3392,10.425,XAUUSD
505405,Yes,Yes,2026.06.10 08:31,40401,LATIM,3622,Yes,-10249,1017,177.1725,XAUUSD
505406,Yes,Yes,2026.06.10 08:33,40402,APAC,1057,Yes,-3931,1180,138.975,BTCUSD
505407,Yes,Yes,2026.06.10 09:32,40404,LATIM,3548,Yes,-10527,1001,174.51,XAUUSD
505408,Yes,Yes,2026.06.10 13:20,40401,MENA,1084,Yes,-9071,2678,39.645,ETHUSD
505409,Yes,Yes,2026.06.10 15:32,40404,MENA,4565,Yes,-1774,1803,29.685,ETHUSD
505410,Yes,Yes,2026.06.11 05:46,40402,MENA,1863,Yes,-18071,2429,32.9025,XAUUSD
505411,Yes,Yes,2026.06.11 12:05,40402,APAC,1482,No,-7459,1464,18.5025,ETHUSD
505412,Yes,Yes,2026.06.11 15:58,40402,APAC,86,No,-16004,2866,109.6425,XAUUSD
505413,Yes,Yes,2026.06.12 05:49,40404,MENA,4683,Yes,-21087,1817,61.8975,XAUUSD
505414,Yes,Yes,2026.06.12 11:25,40401,LATIM,4164,No,-6336,2501,35.115,XAUUSD
505415,Yes,Yes,2026.06.12 18:07,40405,APAC,4067,Yes,-15880,1791,120.0825,ETHUSD
505416,Yes,Yes,2026.06.13 06:40,40402,MENA,3870,No,-11290,2599,172.545,XAUUSD
505417,Yes,Yes,2026.06.13 11:15,40405,APAC,501,Yes,-10818,2492,175.5525,XAUUSD
505418,Yes,Yes,2026.06.13 17:05,40404,APAC,828,Yes,-22152,3089,158.6775,XAUUSD
505419,Yes,Yes,2026.06.13 18:06,40401,LATIM,3795,Yes,-7936,3016,109.185,BTCUSD
505420,Yes,Yes,2026.06.14 15:15,40405,LATIM,206,Yes,-9815,3475,66.105,BTCUSD
505421,Yes,Yes,2026.06.14 16:50,40403,LATIM,1273,Yes,-8809,1641,2.415,XAUUSD
505422,Yes,Yes,2026.06.14 17:06,40401,MENA,4021,No,-6525,650,134.235,ETHUSD
505423,No,No,2026.06.14 21:27,40404,APAC,0,Yes,-9605,2140,60.885,BTCUSD
505424,Yes,Yes,2026.06.15 15:07,40404,APAC,2227,Yes,-960,783,117.495,BTCUSD
505425,Yes,Yes,2026.06.15 22:37,40402,APAC,2792,Yes,-25747,2308,112.9875,ETHUSD
505426,Yes,Yes,2026.06.15 23:54,40405,APAC,3333,Yes,-10600,1483,37.3275,ETHUSD
505427,Yes,Yes,2026.06.16 06:01,40402,APAC,2154,Yes,-17543,620,118.77,BTCUSD
505428,Yes,Yes,2026.06.17 12:05,40404,MENA,2830,Yes,13871,1530,185.3325,XAUUSD
505429,Yes,Yes,2026.06.17 16:04,40404,APAC,678,Yes,16910,963,193.47,ETHUSD
505430,Yes,Yes,2026.06.17 16:39,40404,LATIM,3819,Yes,-2250,1146,105.2925,XAUUSD
505431,Yes,Yes,2026.06.18 05:31,40405,LATIM,966,No,-21374,1866,76.8675,BTCUSD
505432,Yes,Yes,2026.06.18 06:27,40402,LATIM,-2500,Yes,-10575,2718,29.4825,XAUUSD
505433,Yes,Yes,2026.06.18 07:39,40405,LATIM,1291,Yes,14075,1746,78.9525,ETHUSD
505434,Yes,Yes,2026.06.18 08:59,40405,LATIM,2357,Yes,-22976,458,68.0325,BTCUSD
505435,Yes,Yes,2026.06.18 09:17,40401,LATIM,4937,Yes,-14465,884,13.305,ETHUSD
505436,Yes,Yes,2026.06.18 09:18,40405,LATIM,2671,Yes,-2748,194,135.5325,BTCUSD
505437,Yes,Yes,2026.06.18 09:47,40405,LATIM,4317,Yes,5119,1880,55.9425,XAUUSD
505438,Yes,Yes,2026.06.18 10:03,40401,APAC,1213,No,-14938,1841,120.03,XAUUSD
505439,Yes,Yes,2026.06.18 10:04,40402,LATIM,1138,Yes,-13795,3496,158.1525,XAUUSD
505440,Yes,Yes,2026.06.18 10:59,40404,APAC,265,No,-23752,1088,47.52,BTCUSD
505441,Yes,Yes,2026.06.18 11:37,40404,LATIM,1255,Yes,-3375,965,119.1,BTCUSD
505442,Yes,Yes,2026.06.18 15:33,40404,MENA,2299,Yes,24665,3558,84.675,XAUUSD
505443,Yes,Yes,2026.06.18 15:51,40405,LATIM,1361,Yes,-20542,3098,81.135,XAUUSD
505444,Yes,Yes,2026.06.18 17:11,40402,LATIM,2208,Yes,-7328,2374,166.14,XAUUSD
505445,Yes,Yes,2026.06.18 17:12,40402,LATIM,2752,Yes,1690,3549,59.52,XAUUSD
505446,Yes,Yes,2026.06.18 18:49,40402,LATIM,4223,Yes,-2080,2177,73.6125,BTCUSD
505447,Yes,Yes,2026.06.18 19:45,40401,MENA,136,Yes,8183,572,66.0675,BTCUSD
505448,Yes,Yes,2026.06.18 20:39,40405,MENA,408,Yes,24149,2899,48.9375,BTCUSD
505449,Yes,Yes,2026.06.18 20:42,40401,APAC,2897,No,17364,883,72.0375,ETHUSD
505450,Yes,Yes,2026.06.19 07:42,40401,MENA,4262,Yes,-18153,3309,7.2,XAUUSD
505451,Yes,Yes,2026.06.19 08:10,40405,APAC,168,Yes,-17904,1946,193.1025,ETHUSD
505452,Yes,Yes,2026.06.19 08:10,40405,APAC,4473,No,-23263,2046,79.5,XAUUSD
505453,Yes,Yes,2026.06.19 08:58,40401,MENA,1053,Yes,1378,1248,131.5725,BTCUSD
505454,Yes,Yes,2026.06.19 09:12,40404,MENA,285,Yes,-15749,924,104.0325,XAUUSD
505455,Yes,Yes,2026.06.19 13:20,40404,LATIM,2434,Yes,14403,2156,126.825,ETHUSD
505456,Yes,Yes,2026.06.19 16:08,40401,APAC,3302,Yes,12763,1251,16.875,ETHUSD
505457,Yes,Yes,2026.06.19 17:02,40401,LATIM,153,Yes,-666,1580,160.305,ETHUSD
505458,Yes,Yes,2026.06.19 18:16,40401,APAC,4257,Yes,-3729,497,79.3125,BTCUSD
505459,Yes,Yes,2026.06.19 18:40,40402,APAC,2952,Yes,-1900,926,105.5625,XAUUSD
505460,Yes,Yes,2026.06.19 19:50,40403,LATIM,3859,Yes,-5276,3349,172.32,XAUUSD
505461,Yes,Yes,2026.06.19 21:48,40404,LATIM,4015,Yes,-818,2344,108.4875,XAUUSD
505462,Yes,Yes,2026.06.20 04:52,40405,LATIM,4084,Yes,-18045,3526,20.61,BTCUSD
505463,Yes,Yes,2026.06.20 09:24,40404,APAC,1725,Yes,-9548,4023,38.3925,ETHUSD
505464,Yes,Yes,2026.06.20 10:04,40403,MENA,1866,No,-5271,3560,112.035,XAUUSD
505465,Yes,Yes,2026.06.20 18:19,40404,LATIM,1758,No,-16727,4448,103.4625,XAUUSD
505466,Yes,Yes,2026.06.20 19:32,40403,APAC,2662,No,-2603,2775,178.14,BTCUSD
505467,Yes,Yes,2026.06.20 20:21,40404,LATIM,4196,No,-11440,1318,25.3125,BTCUSD
505468,Yes,Yes,2026.06.20 23:18,40403,APAC,447,No,-11735,915,184.9875,XAUUSD
505469,Yes,Yes,2026.06.20 23:56,40402,MENA,3607,Yes,-10046,2696,154.065,ETHUSD
505470,Yes,Yes,2026.06.21 03:12,40405,APAC,756,Yes,-8423,4323,54.96,BTCUSD
505471,Yes,Yes,2026.06.21 03:43,40402,LATIM,4015,Yes,-18144,1510,12.675,ETHUSD
505472,Yes,Yes,2026.06.21 04:20,40404,APAC,939,Yes,-9614,3208,15.6,BTCUSD
505473,Yes,Yes,2026.06.21 06:41,40402,APAC,3546,Yes,-7970,2876,61.3725,XAUUSD
505474,Yes,Yes,2026.06.21 06:53,40405,LATIM,760,Yes,-10115,2393,181.1175,XAUUSD
505475,Yes,Yes,2026.06.21 07:04,40404,LATIM,2681,No,-14952,108,130.23,BTCUSD
505476,Yes,Yes,2026.06.21 07:24,40404,MENA,0,No,-916,427,136.1475,ETHUSD
505477,Yes,Yes,2026.06.21 07:40,40405,LATIM,1340,Yes,-2802,1159,134.28,XAUUSD
505478,Yes,Yes,2026.06.21 07:53,40404,LATIM,1825,Yes,-7936,3196,174.4725,XAUUSD
505479,Yes,Yes,2026.06.21 08:00,40401,MENA,4806,No,-11731,2014,10.335,BTCUSD
505480,Yes,Yes,2026.06.21 08:02,40403,MENA,896,Yes,-11297,3095,88.1944,BTCUSD
505481,Yes,Yes,2026.06.21 08:17,40403,APAC,4946,Yes,15976,2402,80.6568,ETHUSD
505482,Yes,Yes,2026.06.21 08:56,40402,MENA,3360,No,-10246,3334,71.4728,XAUUSD
505483,Yes,Yes,2026.06.21 11:42,40403,APAC,332,Yes,2261,1895,3.7296,ETHUSD
505484,Yes,Yes,2026.06.21 12:00,40404,APAC,1152,Yes,-4753,452,20.8824,XAUUSD
505485,Yes,Yes,2026.06.21 12:35,40402,MENA,4576,Yes,-3331,"1,203",10.64,ETHUSD
505486,Yes,Yes,2026.06.21 14:05,40403,MENA,3959,Yes,-7485,3227,29.5456,XAUUSD
505487,Yes,Yes,2026.06.22 01:14,40401,MENA,3685,No,-5092,2313,4.5808,BTCUSD
505488,Yes,Yes,2026.06.22 05:08,40402,MENA,1732,Yes,957,358,101.052,BTCUSD
505489,Yes,Yes,2026.06.22 08:55,40403,LATIM,2486,Yes,-1922,1891,53.4688,ETHUSD
505490,Yes,Yes,2026.06.22 09:28,40402,MENA,4068,No,-18642,1089,29.5176,ETHUSD
505491,Yes,Yes,2026.06.22 11:20,40402,MENA,1397,Yes,-16063,834,93.6712,ETHUSD
505492,Yes,Yes,2026.06.22 11:41,40402,MENA,4348,Yes,-14383,939,14.5768,ETHUSD
505493,Yes,Yes,2026.06.22 12:48,40405,APAC,194,Yes,-18060,1407,64.064,XAUUSD
505494,Yes,Yes,2026.06.22 12:50,40403,LATIM,4499,No,-7288,3463,65.716,XAUUSD
505495,Yes,Yes,2026.06.22 12:53,40401,LATIM,4424,Yes,-1851,2755,56.2576,BTCUSD
505496,Yes,Yes,2026.06.22 14:34,40401,LATIM,3860,Yes,-7829,4033,47.1688,XAUUSD
505497,Yes,Yes,2026.06.22 16:05,40405,APAC,3686,No,-18156,383,101.6064,BTCUSD
505498,Yes,Yes,2026.06.22 16:45,40402,MENA,1188,Yes,-18636,2092,53.8384,ETHUSD
505499,Yes,Yes,2026.06.22 17:15,40401,LATIM,1044,Yes,15020,352,44.632,ETHUSD
505500,Yes,Yes,2026.06.22 17:29,40403,LATIM,444,Yes,-13383,4092,56.644,BTCUSD
505501,Yes,Yes,2026.06.22 22:45,40403,MENA,3943,Yes,-10410,1375,83.7312,BTCUSD
505502,Yes,Yes,2026.06.23 05:16,40402,LATIM,2169,Yes,-9586,350,5.1296,XAUUSD
505503,Yes,Yes,2026.06.23 05:44,40404,LATIM,1899,No,-18595,3944,15.6912,BTCUSD
505504,Yes,Yes,2026.06.23 08:42,40405,APAC,4396,No,7011,2083,44.4416,XAUUSD
505505,Yes,Yes,2026.06.23 08:56,40403,MENA,335,No,-17212,2307,65.6936,BTCUSD
505506,Yes,Yes,2026.06.23 09:17,40404,APAC,1304,Yes,9602,722,63.2632,XAUUSD
505507,Yes,Yes,2026.06.23 11:39,40402,MENA,4949,No,-4794,343,89.4656,XAUUSD
505508,Yes,Yes,2026.06.23 19:08,40401,APAC,2694,Yes,-1469,1813,57.3776,XAUUSD
505509,Yes,Yes,2026.06.23 19:36,40403,LATIM,1484,Yes,-2542,4006,12.6616,BTCUSD
505510,Yes,Yes,2026.06.23 20:39,40401,APAC,1488,Yes,-9070,1774,26.6168,BTCUSD
505511,Yes,Yes,2026.06.24 11:03,40403,LATIM,0,Yes,-4219,2465,18.6536,ETHUSD
505512,Yes,Yes,2026.06.24 11:06,40404,LATIM,4458,No,-373,1681,41.916,XAUUSD
505513,Yes,Yes,2026.06.24 12:07,40403,MENA,4416,No,-11342,2478,28.5152,XAUUSD
505514,Yes,Yes,2026.06.24 13:05,40402,MENA,3351,Yes,-5233,1817,5.3592,ETHUSD
505515,Yes,Yes,2026.06.24 16:36,40402,LATIM,3473,Yes,-5114,1704,10.7632,ETHUSD
505516,Yes,Yes,2026.06.24 16:54,40404,APAC,2059,Yes,-694,1390,104.3952,XAUUSD
505517,Yes,Yes,2026.06.25 03:19,40405,MENA,4325,Yes,-457,4064,89.9528,XAUUSD
505518,Yes,Yes,2026.06.25 04:22,40402,APAC,648,Yes,-12254,2850,80.5448,BTCUSD
505519,Yes,Yes,2026.06.25 06:13,40405,MENA,1977,Yes,-7721,3258,101.136,ETHUSD
505520,Yes,Yes,2026.06.25 06:47,40404,LATIM,3359,No,11940,850,40.8128,XAUUSD
505521,Yes,Yes,2026.06.25 09:22,40402,MENA,1157,Yes,-8212,3113,10.3656,BtcUsd
505522,Yes,Yes,2026.06.25 11:02,40402,LATIM,4822,No,-13840,1311,43.8424,XAUUSD
505523,Yes,Yes,2026.06.25 14:55,40401,LATIM,713,Yes,-14486,4333,101.6736,ETHUSD
505524,Yes,Yes,2026.06.25 15:49,40404,APAC,4882,Yes,-16903,4197,104.3616,XAUUSD
505525,Yes,Yes,2026.06.25 16:34,40401,MENA,1009,No,-2538,803,84.112,ETHUSD
505526,Yes,Yes,2026.06.25 21:31,40404,APAC,4072,Yes,-15166,39,74.9448,ETHUSD
505527,Yes,Yes,2026.06.26 05:22,40402,MENA,2365,No,-6477,3583,58.296,BtcUsd
505528,Yes,Yes,2026.06.26 05:23,40405,LATIM,3608,Yes,-1856,2098,53.6816,XAUUSD
505529,Yes,Yes,2026.06.26 05:51,40404,APAC,1966,Yes,10799,183,104.132,BTCUSD
505530,Yes,Yes,2026.06.26 07:55,40405,APAC,3624,Yes,-1601,33,39.2616,BTCUSD
505531,Yes,Yes,2026.06.26 08:06,40405,APAC,3532,No,-14364,497,96.3872,ETHUSD
505532,Yes,Yes,2026.06.26 09:08,40403,LATIM,912,Yes,-4107,423,53.7712,XAUUSD
505533,Yes,Yes,2026.06.26 15:42,40404,APAC,1689,No,-17527,1374,26.8464,XAUUSD
505534,No,No,2026.06.26 16:42,40405,MENA,0,No,-9401,3293,8.2264,XAUUSD
505535,Yes,Yes,2026.06.27 06:22,40403,MENA,4494,Yes,-9731,4445,14.2352,ETHUSD
505536,Yes,Yes,2026.06.27 07:41,40402,LATIM,882,Yes,3186,3164,50.792,XAUUSD
505537,Yes,Yes,2026.06.27 08:11,40403,MENA,495,Yes,-1481,2209,23.6264,XAUUSD
505538,Yes,Yes,2026.06.27 09:32,40401,MENA,4918,No,5865,3902,2.0888,XAUUSD
505539,Yes,Yes,2026.06.27 09:42,40401,APAC,51,No,-14704,128,63.5152,ETHUSD
505540,Yes,Yes,2026.06.27 09:44,40401,MENA,1737,No,7055,4230,29.3048,BTCUSD
505541,Yes,Yes,2026.06.27 09:55,40401,APAC,2118,No,-14238,2383,28.6384,XAUUSD
505542,Yes,Yes,2026.06.27 12:04,40404,APAC,2132,Yes,10646,1268,3.8864,BTCUSD
505543,Yes,Yes,2026.06.27 23:14,40402,MENA,3321,Yes,-1836,1808,2.5592,XAUUSD
505544,Yes,Yes,2026.06.28 09:41,40405,APAC,6833,No,-12409,1509,68.6224,ETHUSD
505545,Yes,Yes,2026.06.28 20:13,40402,APAC,15569,Yes,-556,4192,43.2376,XAUUSD
505546,Yes,Yes,2026.06.29 10:30,40405,APAC,2530,Yes,-8767,2196,66.864,BTCUSD
505547,Yes,Yes,2026.06.29 13:16,40405,APAC,3453,Yes,-6423,3375,45.9872,XAUUSD
505548,Yes,Yes,2026.06.29 14:56,40403,MENA,9158,Yes,-16175,914,77.504,XAUUSD
505549,Yes,Yes,2026.06.29 19:33,40401,APAC,4316,Yes,-11641,3975,81.1216,XAUUSD
505550,Yes,Yes,2026.06.30 06:25,40405,MENA,961,Yes,12294,1628,94.6568,XAUUSD
505551,Yes,Yes,2026.06.30 11:47,40403,LATIM,5911,Yes,-6663,765,14.2128,BTCUSD
505552,Yes,Yes,2026.06.30 12:04,40405,MENA,275,Yes,-5728,1654,84.9296,XAUUSD
505553,Yes,Yes,2026.06.30 15:45,40404,APAC,9896,No,5860,1784,36.2712,BTCUSD
505554,Yes,Yes,2026.06.30 16:49,40402,LATIM,6702,Yes,-8502,883,10.3936,BTCUSD
505555,Yes,Yes,2026.06.30 17:53,40404,MENA,17252,Yes,-5651,1066,60.4744,XAUUSD
505556,Yes,Yes,2026.06.30 18:48,40403,APAC,1193,Yes,-8765,1052,8.9656,ETHUSD
505557,Yes,Yes,2026.06.30 22:16,40402,APAC,9437,No,-10072,692,80.4384,ETHUSD
505558,Yes,Yes,2026.07.01 09:12,40402,LATIM,5269,No,-4998,1000,22.9992,BTCUSD
505559,Yes,Yes,2026.07.01 12:08,40405,LATIM,15217,Yes,-12704,165,98.1512,BTCUSD
505560,Yes,Yes,2026.07.01 16:35,40401,MENA,19951,Yes,-12526,670,52.6456,XAUUSD
505561,Yes,Yes,2026.07.01 18:11,40405,APAC,1222,Yes,-1916,75,54.4936,BTCUSD
505562,Yes,Yes,2026.07.01 23:46,40404,APAC,19168,Yes,-3185,85,17.8416,XAUUSD
505563,Yes,Yes,2026.07.02 10:18,40401,LATIM,1855,No,-18627,186,8.2936,BTCUSD
505564,Yes,Yes,2026.07.02 10:18,40405,LATIM,10947,Yes,-10615,593,32.844,ETHUSD
505565,No,No,2026.07.02 10:28,40404,LATIM,2785,Yes,-1990,435,82.3424,ETHUSD
505566,Yes,Yes,2026.07.02 18:17,40403,MENA,7714,Yes,-16746,1852,39.508,BTCUSD
505567,Yes,Yes,2026.07.02 18:17,40403,MENA,7426,Yes,-14015,1846,79.7328,ETHUSD
505568,Yes,Yes,2026.07.03 05:49,40405,APAC,16626,Yes,-11512,430,59.6176,XAUUSD
505569,Yes,Yes,2026.07.03 07:47,40403,LATIM,21205,Yes,-13976,57,10.2816,BTCUSD
505570,Yes,Yes,2026.07.03 07:50,40402,MENA,9218,Yes,-15990,1505,69.4904,XAUUSD
505571,Yes,Yes,2026.07.03 11:39,40402,APAC,21771,No,-2712,1380,3.1136,XAUUSD
505572,Yes,Yes,2026.07.03 14:37,40402,LATIM,17907,Yes,-5690,1002,49.0952,ETHUSD
505573,Yes,Yes,2026.07.03 14:56,40402,APAC,5415,Yes,-11279,831,35.9688,XAUUSD
505574,Yes,Yes,2026.07.03 16:18,40405,MENA,15637,No,15420,722,90.58,XAUUSD
505575,Yes,Yes,2026.07.03 16:58,40401,LATIM,6261,Yes,-13620,1310,65.1896,ETHUSD
505576,Yes,Yes,2026.07.03 18:09,40403,APAC,14109,Yes,-7705,1833,68.8464,ETHUSD
505577,Yes,Yes,2026.07.03 20:31,40403,LATIM,20287,Yes,-5433,1966,37.3128,XAUUSD
505578,Yes,Yes,2026.07.04 10:53,40403,LATIM,8845,Yes,-4961,1874,32.0768,BTCUSD
505579,Yes,Yes,2026.07.04 21:49,40402,MENA,13636,Yes,-10742,1530,32.816,XAUUSD
505580,Yes,Yes,2026.07.04 21:52,40402,MENA,9991,Yes,-8017,1804,47.6112,ETHUSD
505581,No,Yes,2026.07.05 09:26,40401,LATIM,20136,No,-11974,327,31.6456,XAUUSD
505582,Yes,Yes,2026.07.05 13:45,40403,MENA,21107,Yes,-1051,502,49.084,BTCUSD
505583,Yes,Yes,2026.07.05 20:39,40405,LATIM,5985,Yes,-10766,1760,56.4032,BTCUSD
505584,Yes,Yes,2026.07.05 21:08,40404,LATIM,10875,Yes,-12356,1087,27.9888,ETHUSD
505585,Yes,Yes,2026.07.06 04:26,40405,APAC,14692,Yes,-16747,351,71.1424,BTCUSD
505586,Yes,Yes,2026.07.06 08:06,40404,LATIM,9788,Yes,-8625,131,70.1456,EURUSD
505587,Yes,Yes,2026.07.06 11:49,40404,LATIM,3022,No,-17932,374,10.7296,XAUUSD
505588,Yes,Yes,2026.07.06 16:02,40405,LATIM,18307,Yes,-17602,1456,17.836,ETHUSD
505589,Yes,Yes,2026.07.06 20:32,40402,MENA,17075,Yes,-2304,265,104.3112,XAUUSD
505590,Yes,Yes,2026.07.07 04:38,40403,LATIM,5837,Yes,-17026,1395,59.444,ETHUSD
505591,Yes,Yes,2026.07.07 05:55,40402,APAC,18598,Yes,-10524,1380,11.144,ETHUSD
505592,Yes,Yes,2026.07.07 05:56,40404,MENA,9767,Yes,-15084,317,93.7776,BTCUSD
505593,Yes,Yes,2026.07.07 14:40,40405,APAC,3217,Yes,1037,1666,78.484,ETHUSD
505594,Yes,Yes,2026.07.07 17:35,40403,APAC,19074,No,-8561,599,64.4672,ETHUSD
505595,Yes,Yes,2026.07.07 18:11,40404,APAC,15949,Yes,-17795,740,78.2656,BTCUSD
505596,Yes,Yes,2026.07.07 20:35,40401,LATIM,17878,Yes,16031,1218,89.544,XAUUSD
505597,Yes,Yes,2026.07.07 20:56,40404,MENA,3596,Yes,-15849,1892,15.1872,ETHUSD
505598,Yes,Yes,2026.07.08 04:07,40403,APAC,3853,Yes,-1544,481,31.864,XAUUSD
505599,Yes,Yes,2026.07.08 04:34,40404,APAC,843,Yes,-9990,1986,63.1624,ETHUSD
505600,Yes,Yes,2026.07.08 06:08,40401,LATIM,6526,Yes,-18738,1298,86.352,BTCUSD
505601,Yes,Yes,2026.07.08 07:51,40405,MENA,20092,No,-3484,1194,76.272,XAUUSD
505602,Yes,Yes,2026.07.08 10:17,40401,APAC,13569,No,-15033,1504,43.148,BTCUSD
505603,Yes,Yes,2026.07.08 15:11,40404,LATIM,4226,Yes,-16815,248,30.4248,XAUUSD
505604,Yes,Yes,2026.07.08 18:21,40405,APAC,8989,No,2722,153,27.7816,BTCUSD
505605,Yes,Yes,2026.07.08 19:19,40402,MENA,6013,Yes,-17205,34,60.1552,ETHUSD
505606,Yes,Yes,2026.07.08 21:40,40402,APAC,1251,Yes,-5406,988,44.8952,ETHUSD
505607,Yes,Yes,2026.07.08 22:53,40402,LATIM,15976,No,-4709,1267,67.0544,XAUUSD
505608,Yes,Yes,2026.07.09 07:45,40405,LATIM,2788,Yes,-12397,970,5.8856,XAUUSD
505609,Yes,Yes,2026.07.09 11:49,40402,APAC,17247,Yes,4909,871,60.2896,ETHUSD
505610,Yes,Yes,2026.07.09 11:56,40404,LATIM,12027,Yes,6203,562,69.1936,BTCUSD
505611,Yes,Yes,2026.07.09 19:43,40401,MENA,3497,No,-3247,172,93.7832,XAUUSD
505612,Yes,Yes,2026.07.09 20:12,40404,APAC,20945,Yes,-13765,1750,48.3,ETHUSD
505613,Yes,Yes,2026.07.09 20:32,40405,MENA,15980,Yes,-4903,657,100.4192,XAUUSD
505614,Yes,Yes,2026.07.09 21:38,40403,LATIM,10535,Yes,-1047,1189,98.5712,ETHUSD
505615,Yes,Yes,2026.07.10 05:09,40402,LATIM,2699,Yes,14101,407,12.9024,XAUUSD
505616,Yes,Yes,2026.07.10 08:57,40404,APAC,10369,Yes,-16389,1544,95.3456,XAUUSD
505617,Yes,Yes,2026.07.10 08:59,40404,LATIM,6435,No,-2183,1161,58.9344,BTCUSD
505618,Yes,Yes,2026.07.10 11:07,40404,MENA,21799,No,-5815,262,84.4704,XAUUSD
505619,Yes,Yes,2026.07.10 14:02,40403,APAC,786,Yes,-13076,1316,5.8072,BTCUSD
505620,Yes,Yes,2026.07.10 14:29,40403,LATIM,18332,No,17663,780,47.9416,XAUUSD
505621,Yes,Yes,2026.07.10 16:18,40401,MENA,16800,Yes,-15505,1028,99.652,ETHUSD
505622,Yes,Yes,2026.07.10 17:56,40402,MENA,15264,Yes,-1343,1458,89.7736,ETHUSD
505623,Yes,Yes,2026.07.10 21:08,40403,LATIM,17959,Yes,-8306,1916,88.7544,ETHUSD
505624,Yes,Yes,2026.07.11 10:10,40401,APAC,5191,Yes,-6729,1000,8.6464,XAUUSD
505625,Yes,Yes,2026.07.11 19:16,40404,APAC,16269,Yes,-18262,589,55.944,BTCUSD
505626,Yes,Yes,2026.07.11 20:59,40403,LATIM,17168,Yes,-18671,361,104.9328,XAUUSD
505627,Yes,Yes,2026.07.12 08:50,40404,LATIM,20526,No,-15056,384,19.5104,BTCUSD
505628,Yes,Yes,2026.07.12 10:00,40402,APAC,12332,No,-7814,1069,84.1848,BTCUSD
505629,Yes,Yes,2026.07.12 11:10,40405,LATIM,4054,Yes,-10435,1761,94.164,BTCUSD
505630,Yes,Yes,2026.07.12 21:19,40402,APAC,3398,Yes,-7023,584,15.2432,XAUUSD
505631,Yes,Yes,2026.07.12 22:30,40405,LATIM,20648,No,-9863,1546,96.348,XAUUSD
505632,Yes,Yes,2026.07.13 06:56,40401,APAC,1186,Yes,-16504,1503,30.2736,BTCUSD
505633,Yes,Yes,2026.07.13 08:09,40404,LATIM,13157,Yes,-437,1631,26.3704,ETHUSD
505634,Yes,Yes,2026.07.13 09:43,40405,APAC,1136,Yes,-13936,1325,69.4232,BTCUSD
505635,Yes,Yes,2026.07.13 09:59,40405,MENA,10240,Yes,2579,1606,27.4904,ETHUSD
505636,Yes,Yes,2026.07.13 11:45,40404,APAC,12861,No,-17928,1632,34.7368,XAUUSD
505637,Yes,Yes,2026.07.13 12:08,40402,LATIM,1098,Yes,-15155,24,18.1832,BTCUSD
505638,Yes,Yes,2026.07.13 12:12,40402,LATIM,3201,Yes,-6494,369,77.084,ETHUSD
505639,Yes,Yes,2026.07.13 13:32,40405,LATIM,21990,Yes,-6564,1865,27.4568,EURUSD
505640,Yes,Yes,2026.07.13 14:30,40401,APAC,21814,Yes,11318,69,5.8632,BTCUSD
505641,Yes,Yes,2026.07.13 15:05,40405,MENA,10516,No,-14790,1191,78.9656,ETHUSD
505642,Yes,Yes,2026.07.13 20:37,40404,APAC,640,Yes,-3641,1797,91.7784,BTCUSD
505643,Yes,Yes,2026.07.13 20:42,40402,LATIM,14198,Yes,6207,738,12.2248,ETHUSD
505644,Yes,Yes,2026.07.13 20:52,40405,APAC,4386,Yes,17390,1776,32.564,XAUUSD
505645,Yes,Yes,2026.07.13 20:53,40402,MENA,10044,Yes,9135,609,73.2256,BTCUSD
505646,Yes,Yes,2026.07.13 21:18,40402,LATIM,770,No,-3748,443,98.9128,XAUUSD
505647,Yes,Yes,2026.07.13 21:37,40402,LATIM,19885,Yes,1309,1507,86.828,BTCUSD
505648,Yes,Yes,2026.07.14 04:23,40401,LATIM,22403,No,-11549,1620,7.5208,BTCUSD
505649,Yes,Yes,2026.07.14 05:31,40401,MENA,10033,No,-11869,285,46.5136,BTCUSD
505650,Yes,Yes,2026.07.14 08:43,40405,APAC,8827,Yes,-18473,623,37.6824,BTCUSD
505651,Yes,Yes,2026.07.14 14:16,40405,APAC,1893,Yes,-5508,1829,102.2672,BTCUSD
505652,Yes,Yes,2026.07.14 14:21,40401,APAC,15593,Yes,-18866,1821,104.5576,BTCUSD
505653,Yes,Yes,2026.07.14 19:15,40402,LATIM,5506,Yes,-9049,1582,84.3136,ETHUSD
505654,Yes,Yes,2026.07.14 20:47,40403,MENA,9264,Yes,-4358,750,43.7584,ETHUSD
505655,Yes,Yes,2026.07.14 21:38,40403,LATIM,11400,Yes,8757,842,58.436,XAUUSD
505656,Yes,Yes,2026.07.14 21:47,40402,LATIM,8872,No,16852,1869,39.3288,BTCUSD
505657,Yes,Yes,2026.07.15 05:09,40404,APAC,5258,No,-11747,913,55.2328,XAUUSD
505658,Yes,Yes,2026.07.15 08:00,40402,APAC,20434,Yes,-2797,140,92.4224,ETHUSD
505659,Yes,Yes,2026.07.15 08:41,40402,LATIM,8960,Yes,-11237,467,2.4472,BTCUSD
505660,Yes,Yes,2026.07.15 09:22,40402,LATIM,5406,Yes,13881,1208,78.0416,ETHUSD
505661,Yes,Yes,2026.07.15 16:29,40402,MENA,9150,No,-4719,1896,14.4424,XAUUSD
505662,Yes,Yes,2026.07.15 17:13,40402,LATIM,20876,No,-9323,1243,100.3968,ETHUSD
505663,Yes,Yes,2026.07.16 14:38,40402,LATIM,2117,Yes,-2719,571,84.868,EURUSD
505664,Yes,Yes,2026.07.17 09:03,40403,MENA,10504,Yes,-2470,526,36.3664,BTCUSD
505665,Yes,Yes,2026.07.17 12:04,40404,MENA,10206,Yes,-4348,1924,36.7584,ETHUSD
505666,Yes,Yes,2026.07.17 12:12,40403,APAC,21767,Yes,14566,910,63.3808,XAUUSD
505667,Yes,Yes,2026.07.17 12:21,40404,LATIM,13354,Yes,7675,1183,82.824,BTCUSD
505668,Yes,Yes,2026.07.17 15:01,40401,MENA,2277,Yes,-18673,1955,20.3896,XAUUSD
505669,Yes,Yes,2026.07.17 15:30,40404,APAC,19598,Yes,229,1272,34.7592,BTCUSD
505670,Yes,Yes,2026.07.17 17:24,40405,LATIM,16699,Yes,3224,247,97.384,XAUUSD
505671,Yes,Yes,2026.07.17 19:02,40405,LATIM,7942,No,-6916,932,51.156,XAUUSD
505672,Yes,Yes,2026.07.18 07:01,40402,MENA,19045,Yes,-13898,1069,20.9888,ETHUSD
505673,Yes,Yes,2026.07.18 07:56,40403,APAC,11772,No,6461,1766,16.3625,ETHUSD
505674,Yes,Yes,2026.07.18 09:30,40404,APAC,20553,Yes,-3013,362,144.3625,BTCUSD
505675,Yes,Yes,2026.07.18 11:16,40401,MENA,18559,Yes,-2822,353,148.3625,XAUUSD
505676,Yes,Yes,2026.07.18 16:29,40403,MENA,18236,No,-7821,550,230.9125,ETHUSD
505677,Yes,Yes,2026.07.18 20:29,40404,APAC,18361,No,-8318,1166,68.85,XAUUSD
505678,Yes,Yes,2026.07.18 22:08,40405,LATIM,18283,Yes,-2810,943,235.825,ETHUSD
505679,Yes,Yes,2026.07.19 05:09,40403,LATIM,19201,Yes,5575,1363,113.1125,XAUUSD
505680,Yes,Yes,2026.07.19 09:22,40404,LATIM,2317,Yes,-7650,1144,54.475,ETHUSD
505681,Yes,Yes,2026.07.19 10:30,40401,APAC,7490,Yes,-16089,206,109.4625,ETHUSD
505682,Yes,Yes,2026.07.19 14:49,40401,MENA,21547,No,-12343,282,210.65,ETHUSD
505683,Yes,Yes,2026.07.19 17:17,40403,MENA,19230,No,1396,235,146.8375,XAUUSD
505684,Yes,Yes,2026.07.19 17:21,40405,APAC,21477,Yes,-6233,1224,34.9625,XAUUSD
505685,Yes,Yes,2026.07.19 17:21,40405,LATIM,19128,No,-11128,1766,140.4625,BTCUSD
505686,Yes,Yes,2026.07.19 19:53,40402,LATIM,12661,Yes,-15804,1392,173.5125,BTCUSD
505687,Yes,Yes,2026.07.19 20:17,40401,APAC,5407,Yes,-6088,1906,58.9875,ETHUSD
505688,Yes,Yes,2026.07.19 20:31,40404,MENA,4642,Yes,-9320,2014,116.5375,BTCUSD
505689,Yes,Yes,2026.07.19 20:32,40402,MENA,5522,Yes,-10520,1841,33.9875,ETHUSD
505690,Yes,Yes,2026.07.19 21:30,40405,LATIM,8448,Yes,2206,1036,30.875,BTCUSD
505691,Yes,Yes,2026.07.20 07:27,40404,LATIM,20628,Yes,11411,762,54.35,BTCUSD
505692,Yes,Yes,2026.07.20 07:33,40405,LATIM,21372,Yes,12911,1120,182.075,BTCUSD
505693,Yes,Yes,2026.07.20 11:43,40403,APAC,19938,Yes,-7348,1940,95.9375,BTCUSD
505694,Yes,Yes,2026.07.20 12:15,40404,MENA,10918,Yes,-2530,1088,233.4125,ETHUSD
505695,Yes,Yes,2026.07.20 12:15,40405,MENA,11479,Yes,-5479,73,2.8625,XAUUSD
505696,Yes,Yes,2026.07.20 12:41,40404,APAC,20492,No,-12863,1085,40.3,EURUSD
505697,Yes,Yes,2026.07.20 14:55,40401,LATIM,5845,No,-10981,1231,86.45,XAUUSD
505698,Yes,Yes,2026.07.20 15:07,40403,APAC,3080,Yes,16465,441,173.725,ETHUSD
505699,Yes,Yes,2026.07.20 15:07,40402,MENA,7857,Yes,-1729,1035,80.7625,XAUUSD
505700,Yes,Yes,2026.07.20 15:08,40401,APAC,3224,Yes,18409,1061,37.6625,XAUUSD
505701,Yes,Yes,2026.07.20 15:09,40404,APAC,11693,Yes,-7714,1165,35.275,XAUUSD
505702,Yes,Yes,2026.07.20 15:42,40404,LATIM,12197,Yes,-1442,933,97.7625,XAUUSD
505703,Yes,Yes,2026.07.20 16:19,40405,APAC,16374,Yes,-12403,171,103.975,ETHUSD
505704,Yes,Yes,N/A,40401,APAC,8761,Yes,-11720,1387,35.125,ETHUSD
505705,Yes,Yes,2026.07.20 17:45,40403,MENA,10451,Yes,-18785,275,69.6875,XAUUSD
505706,Yes,Yes,2026.07.20 18:08,40404,LATIM,461,Yes,-1537,1935,95.625,XAUUSD
505707,Yes,Yes,2026.07.20 18:32,40402,MENA,6124,No,12092,914,201.1125,XAUUSD
505708,Yes,Yes,2026.07.20 18:38,40401,MENA,21223,Yes,-10232,838,154.2875,ETHUSD
505709,Yes,Yes,2026.07.20 20:05,40403,APAC,15333,No,-4004,771,17.45,ETHUSD
505710,Yes,Yes,2026.07.20 22:09,40401,APAC,17665,Yes,-1221,1091,77.9125,BTCUSD
505711,Yes,Yes,2026.07.21 07:22,40404,APAC,7856,Yes,-6008,832,139.1,XAUUSD
505712,Yes,Yes,2026.07.21 08:52,40403,MENA,11406,Yes,-7681,1415,197.55,BTCUSD
505713,Yes,Yes,2026.07.21 09:19,40404,APAC,11048,Yes,-7717,1503,76.1,XAUUSD
505714,Yes,Yes,2026.07.21 09:24,40404,LATIM,8826,Yes,-8666,993,116.5,BTCUSD
505715,Yes,Yes,2026.07.21 10:49,40403,APAC,2898,Yes,-5687,1748,131.5,BTCUSD
505716,Yes,Yes,2026.07.21 11:17,40401,APAC,9543,No,-16451,2013,27.575,BTCUSD
505717,Yes,Yes,2026.07.21 12:36,40405,MENA,3444,Yes,-5554,926,142.6375,BTCUSD
505718,Yes,Yes,2026.07.21 14:09,40402,LATIM,7973,Yes,-18575,1442,161.3875,BTCUSD
505719,Yes,Yes,2026.07.21 14:41,40405,APAC,13377,Yes,-15920,79,91.85,BTCUSD
505720,Yes,Yes,2026.07.21 15:18,40403,APAC,11773,Yes,-11506,134,31.625,XAUUSD
505721,Yes,Yes,2026.07.21 16:53,40401,LATIM,15876,Yes,-1850,429,68.4875,XAUUSD
505722,Yes,Yes,2026.07.21 17:14,40403,LATIM,8866,No,-17027,913,160.7875,BTCUSD
505723,Yes,Yes,2026.07.21 17:15,40404,LATIM,4250,No,-2456,139,137.2625,BTCUSD
505724,Yes,Yes,2026.07.21 18:17,40402,MENA,3314,No,-16605,669,205.8125,BTCUSD
505725,Yes,Yes,2026.07.21 18:29,40404,MENA,1537,Yes,-16403,864,21.6125,XAUUSD
505726,Yes,Yes,2026.07.21 19:12,40402,MENA,17632,Yes,3574,1726,230.1125,XAUUSD
505727,Yes,Yes,2026.07.22 04:28,40401,LATIM,20117,Yes,-18028,42,96.425,BTCUSD
505728,Yes,Yes,2026.07.22 08:44,40402,MENA,7289,Yes,-16331,1138,18.025,BTCUSD
505729,Yes,Yes,2026.07.22 09:00,40405,LATIM,6256,Yes,-1473,590,155.0375,XAUUSD
505730,Yes,Yes,2026.07.22 09:03,40403,LATIM,4346,Yes,-12476,1228,146.5,BTCUSD
505731,Yes,Yes,2026.07.22 09:08,40401,APAC,4127,No,-14511,924,234.8125,BTCUSD
505732,Yes,Yes,2026.07.22 09:37,40403,LATIM,8403,Yes,-14708,197,19.2125,XAUUSD
505733,Yes,Yes,2026.07.22 17:27,40402,MENA,8680,Yes,4940,583,151.15,XAUUSD
505734,Yes,Yes,2026.07.22 17:28,40402,MENA,9034,No,-12862,188,127.9,XAUUSD
505735,Yes,Yes,2026.07.22 17:42,40402,LATIM,6690,Yes,2762,1122,50.05,XAUUSD
505736,Yes,Yes,2026.07.22 18:09,40402,MENA,14211,Yes,-11708,534,15.2625,BTCUSD
505737,Yes,Yes,2026.07.22 18:21,40403,LATIM,408,Yes,-9543,1873,75.1,XAUUSD
505738,Yes,Yes,2026.07.22 21:44,40404,LATIM,853,Yes,-23468,76,96.0125,XAUUSD
505739,Yes,Yes,2026.07.22 22:34,40405,LATIM,6910,Yes,-38668,1852,96.4625,BTCUSD
505740,Yes,Yes,2026.07.23 05:30,40403,MENA,15092,Yes,-10911,1383,108.325,BTCUSD
505741,Yes,Yes,2026.07.23 06:08,40403,APAC,6406,Yes,-196,1930,71.0875,BTCUSD
505742,Yes,Yes,2026.07.23 07:45,40402,MENA,6331,Yes,41487,1762,205.6375,BTCUSD
505743,Yes,Yes,2026.07.23 08:01,40401,MENA,15557,Yes,-5878,1682,69.425,XAUUSD
505744,Yes,Yes,2026.07.23 09:14,40401,LATIM,19008,Yes,-28519,1754,232.1875,XAUUSD
505745,Yes,Yes,2026.07.23 11:02,40401,LATIM,3927,Yes,-2999,1565,199,XAUUSD
505746,Yes,Yes,2026.07.23 11:06,40401,LATIM,9962,Yes,46773,1850,143.825,XAUUSD
505747,Yes,Yes,2026.07.23 11:51,40404,MENA,16484,Yes,-2584,1323,23.125,XAUUSD
505748,Yes,Yes,2026.07.23 13:29,40403,MENA,4335,Yes,25154,447,212.8375,XAUUSD
505749,Yes,Yes,2026.07.24 06:04,40405,MENA,20154,Yes,-40215,527,30.7,XAUUSD
505750,Yes,Yes,2026.07.24 07:34,40404,MENA,17322,Yes,47101,1979,207.5625,XAUUSD
505751,Yes,Yes,2026.07.24 08:44,40402,MENA,15198,Yes,-45697,728,205.0375,BTCUSD
505752,Yes,Yes,2026.07.24 20:15,40402,APAC,3022,No,-8782,252,44.675,BTCUSD
505753,Yes,Yes,2026.07.25 00:07,40405,LATIM,17976,Yes,-14474,1232,225.35,XAUUSD
505754,Yes,Yes,2026.07.25 11:45,40405,MENA,402,No,14179,960,204.1375,XAUUSD
505755,Yes,Yes,2026.07.25 12:14,40402,APAC,4132,Yes,-7733,822,18.4125,EURUSD
505756,Yes,Yes,2026.07.25 16:00,40402,LATIM,3728,Yes,-27223,139,155.95,XAUUSD
505757,Yes,Yes,2026.07.25 16:00,40405,LATIM,20030,No,-19209,840,181.3875,XAUUSD
505758,Yes,Yes,2026.07.26 04:13,40402,MENA,193,No,-16523,1510,183.85,BTCUSD
505759,Yes,Yes,2026.07.26 08:58,40402,APAC,19006,Yes,46841,1710,61.75,XAUUSD
505760,Yes,Yes,2026.07.26 09:02,40405,APAC,5932,Yes,-47973,1221,160.775,BTCUSD
505761,Yes,Yes,2026.07.26 10:03,40404,LATIM,19232,No,-19265,1955,34.525,BTCUSD
505762,Yes,Yes,2026.07.26 11:52,40402,LATIM,1638,Yes,-48116,581,146.35,BTCUSD
505763,Yes,Yes,2026.07.26 12:57,40404,APAC,11579,Yes,-45815,764,119.2875,XAUUSD
505764,Yes,Yes,2026.07.26 16:58,40402,MENA,5207,Yes,28117,1248,293.35,XAUUSD
505765,Yes,Yes,2026.07.26 20:12,40403,LATIM,8043,No,-2965,431,483.35,BTCUSD
505766,Yes,Yes,2026.07.26 20:13,40403,APAC,10508,No,-21651,1866,136.3875,BTCUSD
505767,Yes,Yes,2026.07.26 20:16,40404,MENA,5084,Yes,21875,1343,2.45,XAUUSD
505768,Yes,Yes,2026.07.27 04:32,40404,APAC,13086,No,-3032,1187,518.5875,BTCUSD
505769,Yes,Yes,2026.07.27 05:07,40405,APAC,12863,No,44106,1675,73.475,BTCUSD
505770,Yes,Yes,2026.07.27 07:22,40402,MENA,17332,Yes,23880,1349,356.4875,XAUUSD
505771,Yes,Yes,2026.07.27 07:52,40403,LATIM,21263,Yes,-702,752,37.4875,EURUSD
505772,Yes,Yes,2026.07.27 10:34,40405,LATIM,16805,No,-6642,975,584.6625,BTCUSD
505773,Yes,Yes,2026.07.27 15:56,40404,MENA,7251,No,-7748,971,32.3,XAUUSD
505774,Yes,Yes,2026.07.27 16:06,40405,LATIM,19332,Yes,-9249,1310,314.425,BTCUSD
505775,Yes,Yes,2026.07.27 16:14,40405,LATIM,8324,Yes,-18666,548,502.6875,XAUUSD
505776,Yes,Yes,2026.07.27 18:08,40402,LATIM,2467,Yes,11171,494,588.7625,XAUUSD
505777,Yes,Yes,2026.07.27 18:37,40402,APAC,11444,Yes,-22952,1011,571.2125,XAUUSD
505778,Yes,Yes,2026.07.27 19:05,40403,APAC,19416,Yes,15239,71,109.775,BTCUSD
505779,Yes,Yes,2026.07.27 19:51,40404,MENA,20770,Yes,-426,786,180.925,BTCUSD
505780,Yes,Yes,2026.07.28 12:46,40402,APAC,20619,Yes,-8525,72,177.2375,XAUUSD
505781,Yes,Yes,2026.07.28 12:55,40403,MENA,21246,No,-11564,152,96.6625,XAUUSD
505782,Yes,Yes,2026.07.28 14:31,40404,APAC,13788,Yes,-21838,1091,340.2875,BTCUSD
505783,Yes,Yes,2026.07.28 16:27,40404,APAC,9193,No,-24428,1249,240.1125,XAUUSD
505784,Yes,Yes,2026.07.28 17:03,40403,MENA,21304,No,-16847,1427,206.5375,XAUUSD
505785,Yes,Yes,2026.07.29 09:14,40401,LATIM,8301,No,8000,257,585.5125,BTCUSD
505786,Yes,Yes,2026.07.29 14:56,40403,APAC,18918,Yes,-20716,855,599.6625,BTCUSD
505787,Yes,Yes,2026.07.29 16:10,40404,MENA,13220,Yes,-9651,1231,240.8125,BTCUSD
505788,Yes,Yes,2026.07.29 20:19,40403,MENA,9769,Yes,-8552,1007,601.45,XAUUSD
505789,Yes,Yes,2026.07.29 20:45,40401,APAC,4818,Yes,-2668,317,572.6875,XAUUSD
505790,Yes,Yes,2026.07.29 22:04,40405,APAC,4741,No,-3757,81,351.4625,XAUUSD
505791,Yes,Yes,2026.07.30 04:11,40401,APAC,2384,No,-9465,1769,37.0625,XAUUSD
505792,Yes,Yes,2026.07.30 05:01,40405,APAC,21061,Yes,-6370,1406,270.6375,XAUUSD
505793,Yes,Yes,2026.07.30 14:18,40405,LATIM,15389,Yes,-1503,1721,273.4375,XAUUSD
505794,Yes,Yes,2026.07.30 14:38,40405,MENA,20328,No,15838,987,37.9,XAUUSD
505795,Yes,Yes,2026.07.30 16:24,40402,LATIM,5757,No,16358,524,551.325,XAUUSD
505796,Yes,Yes,2026.07.30 18:32,40402,APAC,3913,Yes,-7226,69,298.5,BTCUSD
505797,Yes,Yes,2026.07.30 19:35,40405,MENA,1968,No,-17560,543,8.775,XAUUSD
505798,Yes,Yes,2026.07.30 19:48,40403,APAC,19765,Yes,-6468,1941,83.025,BTCUSD
505799,Yes,Yes,2026.07.30 19:56,40404,APAC,15754,Yes,-17830,641,96.85,XAUUSD
505800,Yes,Yes,2026.07.30 19:56,40402,APAC,12268,No,-2018,1543,115.6125,XAUUSD
505801,Yes,Yes,2026.07.30 19:58,40401,APAC,4100,Yes,-8474,186,233.325,BTCUSD
505802,Yes,Yes,2026.07.30 20:10,40405,LATIM,855,No,-692,861,139.6375,BTCUSD
505802,Yes,Yes,2026.07.30 20:10,40405,LATIM,855,No,-692,861,139.6375,BTCUSD
505803,Yes,Yes,2026.07.31 16:01,40402,LATIM,9306,No,-22922,623,286.9,BTCUSD
505804,Yes,Yes,2026.07.31 21:43,40404,LATIM,21581,Yes,-23495,1191,190.4875,XAUUSD
505805,Yes,Yes,2026.08.01 08:57,40403,MENA,6810,Yes,-22919,181,5.325,BTCUSD
505806,No,No,2026.08.01 09:00,40404,LATIM,0,Yes,-11943,330,106.5625,XAUUSD
505807,Yes,Yes,2026.08.01 16:13,40403,MENA,16580,Yes,-11786,1566,144.55,BTCUSD
505808,Yes,Yes,2026.08.01 21:39,40404,MENA,16469,Yes,8326,1726,272.975,EURUSD
505809,Yes,Yes,2026.08.02 03:20,40402,LATIM,796,Yes,-15527,1060,256.494,XAUUSD
505810,Yes,Yes,2026.08.02 04:43,40403,APAC,19279,Yes,-1822,119,176.8935,XAUUSD
505811,Yes,Yes,2026.08.02 12:21,40405,APAC,11678,Yes,13283,696,84,BtcUsd
505812,Yes,Yes,2026.08.02 13:30,40404,MENA,22021,No,-17572,49,217.518,XAUUSD
505813,Yes,Yes,2026.08.02 14:51,40404,LATIM,2134,Yes,-4022,743,101.3355,XAUUSD
505814,Yes,Yes,2026.08.02 15:02,40404,APAC,4713,No,-589,612,89.796,XAUUSD
505815,Yes,Yes,2026.08.03 01:26,40405,APAC,22346,Yes,-17087,1150,28.014,BtcUsd
505816,Yes,Yes,2026.08.03 07:40,40405,LATIM,17868,No,-21723,1153,39.4485,BTCUSD
505817,Yes,Yes,2026.08.03 08:33,40405,LATIM,12155,Yes,17407,1317,99.3825,BTCUSD
505818,Yes,Yes,2026.08.03 09:44,40403,LATIM,20350,Yes,-425,304,66.885,BTCUSD
505819,Yes,Yes,2026.08.03 11:56,40402,LATIM,21239,No,-23610,1597,15.7815,BTCUSD
505820,Yes,Yes,2026.08.03 13:39,40405,APAC,9267,No,-5762,1047,166.299,XAUUSD
505821,Yes,Yes,2026.08.03 13:52,40404,LATIM,2392,No,-20685,972,171.759,BTCUSD
505822,Yes,Yes,2026.08.03 16:07,40404,LATIM,18964,Yes,-1544,973,75.873,XAUUSD
505823,Yes,Yes,2026.08.03 18:32,40402,LATIM,14861,Yes,-8993,1212,184.38,XAUUSD
505824,Yes,Yes,2026.08.03 21:47,40403,LATIM,17796,Yes,-24152,904,67.914,XAUUSD
505825,Yes,No,2026.08.04 04:34,40401,MENA,2922,No,-4475,784,187.215,XAUUSD
505826,Yes,Yes,2026.08.04 08:47,40403,MENA,110,No,-12456,410,21.189,BTCUSD
505827,Yes,Yes,2026.08.04 12:29,40404,APAC,2980,Yes,-412,597,88.977,BTCUSD
505828,Yes,Yes,2026.08.04 15:02,40403,LATIM,13338,Yes,-1413,234,7.266,BTCUSD
505829,Yes,Yes,2026.08.04 15:19,40402,APAC,1435,Yes,-13640,1563,240.681,XAUUSD
505830,Yes,Yes,2026.08.04 15:58,40403,APAC,12377,Yes,-10390,941,246.6975,BTCUSD
505831,Yes,Yes,2026.08.04 18:13,40405,APAC,5290,Yes,-17570,1591,240.6495,BTCUSD
505832,Yes,Yes,2026.08.04 20:40,40402,APAC,4720,No,-17852,1026,125.4015,XAUUSD
505833,Yes,Yes,2026.08.05 07:17,40404,LATIM,5059,Yes,-1498,273,123.753,XAUUSD
505834,Yes,Yes,2026.08.05 10:14,40402,APAC,9430,Yes,-2957,1710,87.423,BTCUSD
505835,Yes,Yes,2026.08.05 10:26,40401,APAC,8961,No,-18114,276,163.0335,XAUUSD
505836,Yes,Yes,2026.08.05 15:26,40401,APAC,16065,Yes,-17891,1002,19.131,XAUUSD
505837,Yes,Yes,2026.08.05 17:18,40403,MENA,1513,Yes,-6996,32,139.4715,XAUUSD
505838,No,Yes,2026.08.05 17:24,40402,APAC,18324,No,1148,1784,184.506,XAUUSD
505839,Yes,Yes,2026.08.05 17:25,40405,MENA,3221,Yes,-10714,575,42.231,BTCUSD
505840,Yes,Yes,2026.08.05 20:35,40403,APAC,10164,Yes,18013,1840,6.1845,XAUUSD
505841,Yes,Yes,2026.08.05 20:46,40405,LATIM,13854,Yes,-16198,76,179.4135,XAUUSD
505842,Yes,Yes,2026.08.06 06:28,40401,LATIM,663,No,-12526,1624,228.0915,XAUUSD
505843,Yes,Yes,2026.08.06 10:49,40401,LATIM,18419,Yes,-12263,1824,182.7735,XAUUSD
505844,Yes,Yes,2026.08.06 11:54,40403,LATIM,19208,Yes,-15096,1287,4.4625,BTCUSD
505845,Yes,Yes,2026.08.06 14:42,40401,LATIM,1691,Yes,-15852,866,247.905,EURUSD
505846,Yes,Yes,2026.08.06 15:02,40405,APAC,18209,Yes,9093,1870,60.501,BTCUSD
505847,Yes,Yes,2026.08.06 15:02,40402,MENA,1805,Yes,-18797,56,217.1925,XAUUSD
505848,Yes,Yes,2026.08.06 15:07,40405,LATIM,13921,Yes,6916,635,16.212,XAUUSD
505849,Yes,Yes,2026.08.06 15:30,40405,LATIM,10310,Yes,-4078,1730,94.4265,XAUUSD
505850,Yes,Yes,2026.08.06 15:51,40402,MENA,14349,Yes,-15739,1210,253.596,BTCUSD
505851,Yes,Yes,2026.08.06 17:38,40401,LATIM,20175,Yes,-19452,642,46.9875,BTCUSD
505852,Yes,Yes,2026.08.06 18:28,40403,LATIM,12500,Yes,-20558,79,130.788,XAUUSD
505853,Yes,Yes,2026.08.06 19:45,40404,LATIM,9449,No,-8892,1325,4.326,BTCUSD
505854,Yes,Yes,2026.08.06 20:29,40403,APAC,13271,Yes,-2024,1499,14.8365,BTCUSD
505855,Yes,Yes,2026.08.06 21:33,40403,APAC,7482,Yes,-6871,1246,143.22,BTCUSD
505856,Yes,Yes,2026.08.07 10:17,40404,APAC,7339,Yes,-1652,2002,109.095,BTCUSD
505857,Yes,Yes,2026.08.07 10:54,40401,MENA,15884,Yes,-22500,166,184.485,BTCUSD
505858,Yes,Yes,2026.08.07 10:54,40401,LATIM,21651,No,-17933,717,187.446,XAUUSD
505859,Yes,Yes,2026.08.07 13:29,40402,APAC,1006,No,-843,245,15.729,BTCUSD
505860,Yes,Yes,2026.08.07 14:59,40405,LATIM,18478,Yes,-10069,1679,31.0485,BTCUSD
505861,Yes,Yes,2026.08.07 15:31,40402,LATIM,18367,Yes,18379,1769,190.197,BTCUSD
505862,Yes,Yes,2026.08.07 17:42,40401,MENA,8216,Yes,-4514,318,187.8555,XAUUSD
505863,Yes,Yes,2026.08.07 18:52,40401,LATIM,12503,Yes,-6972,1956,73.458,BTCUSD
505864,Yes,No,2026.08.07 20:29,40401,MENA,10465,Yes,-8482,1477,12.054,BTCUSD
505865,Yes,Yes,2026.08.07 21:42,40403,LATIM,18915,No,-23439,1259,112.497,BTCUSD
505866,Yes,Yes,2026.08.08 05:28,40402,LATIM,10507,No,-531,1054,189.1365,BTCUSD
505867,Yes,Yes,2026.08.08 06:10,40402,APAC,15485,Yes,-3083,1340,170.079,XAUUSD
505868,Yes,Yes,2026.08.08 08:44,40404,APAC,16519,Yes,-23864,1628,131.523,BTCUSD
505869,Yes,Yes,2026.08.08 10:19,40401,MENA,18081,Yes,-1789,876,128.7615,BTCUSD
505870,Yes,Yes,2026.08.08 10:20,40402,APAC,21721,No,-19330,764,158.508,XAUUSD
505871,Yes,Yes,2026.08.08 12:19,40404,APAC,4483,No,22248,161,166.446,XAUUSD
505872,Yes,Yes,2026.08.08 13:05,40403,APAC,5655,No,-19582,165,95.4765,XAUUSD
505873,Yes,Yes,2026.08.08 14:05,40403,MENA,11036,No,-11563,33,197.3685,XAUUSD
505874,Yes,Yes,2026.08.08 14:54,40402,MENA,21048,Yes,24967,785,72.618,XAUUSD
505875,Yes,Yes,2026.08.08 19:13,40401,LATIM,6474,Yes,3683,853,42.819,BTCUSD
505876,Yes,Yes,2026.08.08 20:15,40402,APAC,17188,Yes,17305,65,165.2595,EURUSD
505877,Yes,Yes,2026.08.09 07:58,40405,LATIM,8816,Yes,-23956,1152,204.246,BTCUSD
505878,Yes,Yes,2026.08.09 12:48,40401,LATIM,5894,No,-14683,1513,215.859,XAUUSD
505879,Yes,Yes,2026.08.09 17:17,40402,LATIM,13177,Yes,-2797,1604,93.366,BTCUSD
505880,Yes,Yes,2026.08.09 17:25,40405,APAC,4460,Yes,-14622,824,21.252,XAUUSD
505881,Yes,Yes,2026.08.09 20:09,40403,LATIM,9145,Yes,-20353,369,72.1455,XAUUSD
505882,Yes,Yes,2026.08.09 20:13,40402,LATIM,19417,Yes,-16287,334,17.346,BTCUSD
505883,Yes,Yes,2026.08.10 03:59,40401,MENA,12186,Yes,-17863,963,236.25,BTCUSD
505884,Yes,Yes,2026.08.10 04:10,40401,LATIM,6572,Yes,-13034,1947,188.2965,BTCUSD
505885,Yes,Yes,2026.08.10 04:11,40401,MENA,18598,Yes,-22494,1182,8.8515,XAUUSD
505886,Yes,Yes,2026.08.10 04:33,40402,MENA,20588,No,13595,293,105.7245,BTCUSD
505887,Yes,Yes,2026.08.10 07:52,40404,MENA,1716,Yes,-387,1272,192.9795,BTCUSD
505888,Yes,Yes,2026.08.10 09:08,40404,APAC,12765,Yes,-21451,1992,47.397,XAUUSD
505889,Yes,Yes,2026.08.10 09:19,40402,LATIM,20516,Yes,-14533,1485,73.206,BTCUSD
505890,Yes,Yes,2026.08.10 09:57,40405,MENA,7886,No,-17276,730,89.061,BTCUSD
505891,Yes,Yes,2026.08.10 10:38,40405,MENA,7370,No,-23268,1065,246.1095,BTCUSD
505892,Yes,Yes,2026.08.10 10:45,40401,APAC,17370,Yes,5759,637,5.5755,BTCUSD
505893,Yes,Yes,2026.08.10 12:07,40402,APAC,15156,Yes,-24790,1119,32.3715,BTCUSD
505894,Yes,Yes,2026.08.10 12:21,40405,LATIM,21506,No,-3584,274,250.572,XAUUSD
505895,Yes,Yes,2026.08.10 12:57,40404,LATIM,19912,No,-6075,639,18.7845,XAUUSD
505896,Yes,Yes,2026.08.10 14:35,40402,MENA,16565,Yes,11611,1383,202.965,XAUUSD
505897,Yes,Yes,2026.08.10 15:02,40402,LATIM,7976,No,-15824,577,233.604,BTCUSD
505898,Yes,Yes,2026.08.10 15:47,40402,LATIM,13032,Yes,22550,310,205.611,XAUUSD
505899,Yes,Yes,2026.08.10 17:49,40403,LATIM,16994,Yes,573,1954,121.4115,XAUUSD
505900,Yes,Yes,2026.08.10 18:11,40404,LATIM,22181,No,-13870,1285,262.1535,BTCUSD
505901,Yes,Yes,2026.08.10 19:00,40403,MENA,4471,No,-22412,1569,38.6715,XAUUSD
505902,Yes,Yes,2026.08.10 19:56,40405,LATIM,6221,Yes,-21974,255,181.7025,BTCUSD
505903,Yes,Yes,2026.08.11 05:51,40403,MENA,12154,Yes,-8434,1646,251.538,BTCUSD
505904,No,No,2026.08.11 10:45,40403,APAC,4898,Yes,1521,1501,154.1715,XAUUSD
505905,Yes,Yes,2026.08.11 10:49,40403,APAC,11903,Yes,-12738,554,29.3685,XAUUSD
505906,Yes,Yes,2026.08.11 11:09,40402,APAC,20157,No,-18211,479,153.531,BTCUSD
505907,Yes,Yes,2026.08.11 12:48,40405,APAC,8659,Yes,6995,1480,213.7065,BTCUSD
505908,Yes,Yes,2026.08.11 13:07,40405,LATIM,17600,Yes,-18873,1052,171.0135,XAUUSD
505909,Yes,Yes,2026.08.11 13:57,40404,LATIM,18134,Yes,15258,1385,187.5615,XAUUSD
505910,Yes,Yes,2026.08.11 19:08,40402,APAC,22389,Yes,9816,739,136.857,XAUUSD
505911,Yes,Yes,2026.08.12 06:20,40403,LATIM,18740,Yes,18020,1757,236.187,XAUUSD
505912,Yes,Yes,2026.08.12 11:09,40402,MENA,16697,No,-11718,1929,142.7475,XAUUSD
505913,Yes,Yes,2026.08.12 12:54,40403,LATIM,14333,Yes,2716,616,4.0635,BTCUSD
505914,Yes,Yes,2026.08.12 13:28,40402,APAC,13201,No,-3941,1148,225.2355,BTCUSD
505915,Yes,Yes,2026.08.12 14:05,40402,LATIM,8412,No,2929,1838,152.5965,BTCUSD
505916,Yes,Yes,2026.08.12 16:20,40403,LATIM,19967,Yes,-1645,2009,181.398,BTCUSD
505917,Yes,Yes,2026.08.12 16:41,40402,LATIM,10533,Yes,-5700,1170,244.314,XAUUSD
505918,Yes,Yes,2026.08.12 17:02,40401,MENA,12010,Yes,-13921,791,60.4695,BTCUSD
505919,Yes,Yes,2026.08.12 21:24,40404,APAC,15574,No,-3680,429,260.295,BTCUSD
505920,Yes,Yes,2026.08.12 23:36,40403,MENA,17153,Yes,-5791,225,37.632,BTCUSD
505921,Yes,Yes,2026.08.13 01:12,40404,MENA,14453,No,11885,184,63.7875,BTCUSD
505922,Yes,Yes,2026.08.13 01:31,40405,LATIM,7273,Yes,-1314,426,121.9155,BTCUSD
505923,Yes,Yes,2026.08.13 03:18,40401,MENA,14212,Yes,-17288,307,166.152,BTCUSD
505924,Yes,Yes,2026.08.13 03:21,40403,MENA,21235,No,-3777,923,236.775,XAUUSD
505925,Yes,Yes,2026.08.13 08:27,40405,LATIM,13425,Yes,-22191,946,6.0165,XAUUSD
505926,Yes,Yes,2026.08.13 08:27,40404,MENA,5017,Yes,-8765,1959,145.635,BTCUSD
505927,Yes,Yes,2026.08.13 09:50,40405,APAC,10244,Yes,-18006,766,235.326,BTCUSD
505928,Yes,Yes,2026.08.13 12:24,40405,APAC,4081,Yes,-8807,817,230.727,XAUUSD
505929,Yes,Yes,2026.08.13 13:31,40401,MENA,7997,Yes,-19702,1931,88.557,XAUUSD
505930,Yes,Yes,2026.08.13 14:34,40404,LATIM,19453,No,-18895,1404,15.9705,XAUUSD
505931,Yes,Yes,2026.08.13 16:39,40402,APAC,3948,Yes,9942,240,133.749,BTCUSD
505932,Yes,Yes,2026.08.13 17:33,40403,MENA,1952,Yes,-23617,1540,191.2155,EURUSD
505933,Yes,Yes,2026.08.13 20:11,40401,MENA,26485,No,22564,1730,73.4475,BTCUSD
505934,Yes,Yes,2026.08.13 20:37,40405,MENA,6050,Yes,-13572,23,198.1665,XAUUSD
505935,Yes,Yes,2026.08.14 07:21,40403,MENA,27205,Yes,-20820,806,160.209,BTCUSD
505936,Yes,Yes,2026.08.14 13:34,40401,APAC,19957,No,-5078,272,103.068,XAUUSD
505937,Yes,Yes,2026.08.14 14:46,40402,LATIM,17927,Yes,-1288,1796,189.21,XAUUSD
505938,Yes,Yes,2026.08.14 16:20,40402,LATIM,21209,No,-15818,1043,123.039,XAUUSD
505939,Yes,Yes,2026.08.15 09:56,40404,APAC,21355,No,-16620,631,28.518,BTCUSD
505940,Yes,Yes,2026.08.15 09:58,40403,MENA,10136,Yes,-12885,1554,41.3805,XAUUSD
505941,Yes,Yes,2026.08.15 12:41,40401,MENA,8984,No,2777,1625,30.7545,XAUUSD
505942,Yes,Yes,2026.08.15 14:55,40405,APAC,14119,No,-21863,334,17.2725,BTCUSD
505943,Yes,Yes,2026.08.15 20:07,40401,APAC,19871,Yes,-19353,1174,59.85,XAUUSD
505944,Yes,Yes,2026.08.16 02:57,40403,APAC,27185,Yes,-15682,97,146.1705,XAUUSD
505945,Yes,Yes,2026.08.16 03:29,40405,MENA,682,No,-13537,205,38.64,BTCUSD
505946,Yes,Yes,2026.08.16 10:47,40405,APAC,10552,Yes,-11931,1939,60.8055,BTCUSD
505947,Yes,Yes,2026.08.16 11:27,40404,MENA,18484,Yes,-1858,288,124.7925,XAUUSD
505948,Yes,Yes,2026.08.16 15:47,40402,MENA,2668,No,-8472,315,13.797,XAUUSD
505949,Yes,Yes,2026.08.17 07:53,40403,LATIM,2416,Yes,-3599,1234,181.524,XAUUSD
505950,Yes,Yes,2026.08.17 08:41,40404,MENA,5687,No,-6143,734,39.6585,XAUUSD
505951,Yes,Yes,2026.08.17 10:45,40404,LATIM,8427,Yes,-15122,136,233.0055,XAUUSD
505952,Yes,Yes,2026.08.17 14:44,40405,APAC,22037,Yes,-1366,923,92.0325,BTCUSD
505953,Yes,Yes,2026.08.17 15:48,40405,APAC,7064,Yes,-9515,1184,189.063,XAUUSD
505954,Yes,Yes,2026.08.17 15:51,40401,MENA,15871,No,-10068,1010,92.4735,XAUUSD
505955,Yes,Yes,2026.08.17 16:32,40404,APAC,10937,Yes,-5072,1737,206.871,XAUUSD
505956,Yes,Yes,2026.08.17 18:58,40403,APAC,8209,Yes,22022,1498,198.3975,XAUUSD
505957,Yes,Yes,2026.08.18 00:00,40402,MENA,17424,Yes,-21827,"1,918",104.391,BTCUSD
505958,Yes,Yes,2026.08.18 00:00,40403,APAC,18216,No,-1389,755,247.9785,BTCUSD
505959,Yes,Yes,2026.08.18 00:00,40401,MENA,13074,No,-6308,769,236.922,XAUUSD
505960,Yes,Yes,2026.08.18 00:00,40403,MENA,21539,Yes,-8253,571,142.506,XAUUSD
505961,Yes,Yes,2026.08.18 00:00,40403,APAC,19983,No,-10356,1855,218.61,XAUUSD
505962,Yes,Yes,2026.08.18 00:00,40401,LATIM,15073,Yes,-23862,969,53.319,XAUUSD
505963,Yes,Yes,2026.08.18 00:00,40405,APAC,8416,No,-580,1119,13.524,BTCUSD
505964,Yes,Yes,2026.08.18 00:00,40405,MENA,17954,No,-20831,981,166.089,XAUUSD
505965,Yes,Yes,2026.08.18 00:00,40403,APAC,7938,No,-7955,480,174.51,BTCUSD
505965,Yes,Yes,2026.08.18 00:00,40403,APAC,7938,No,-7955,480,174.51,BTCUSD
505966,Yes,Yes,2026.08.18 00:00,40405,MENA,5977,Yes,-1561,296,135.2925,BTCUSD
505967,Yes,Yes,2026.08.18 00:00,40404,MENA,16754,Yes,-4555,376,29.1585,BTCUSD
505968,Yes,Yes,2026.08.18 00:00,40403,LATIM,12209,No,-21389,1.75K,229.5615,XAUUSD
505969,Yes,Yes,2026.08.18 00:00,40402,MENA,18510,Yes,18205,926,203.2065,BTCUSD
505970,Yes,Yes,2026.08.18 00:00,40401,LATIM,11101,No,23211,738,164.661,XAUUSD
505971,Yes,Yes,2026.08.18 00:00,40401,APAC,10337,Yes,-5920,770,142.1385,BtcUsd
505972,Yes,Yes,2026.08.18 00:00,40402,APAC,18946,Yes,-7393,1932,125.2755,XAUUSD
505973,Yes,Yes,2026.08.18 00:00,40403,LATIM,12893,Yes,-8993,1090,19.509,XAUUSD
505974,Yes,Yes,2026.08.18 00:00,40402,APAC,12195,No,-11558,919,88.956,XAUUSD
505975,Yes,Yes,2026.08.18 00:00,40401,APAC,25021,Yes,-23189,346,37.7895,XAUUSD
505976,Yes,Yes,2026.08.18 00:00,40404,APAC,26635,Yes,-15595,1551,64.5015,XAUUSD
505977,Yes,Yes,2026.08.18 00:00,40402,MENA,13594,Yes,-11509,1629,158.781,XAUUSD
505978,Yes,Yes,2026.08.18 00:00,40402,LATIM,11089,No,-18192,732,14.343,XAUUSD
